,COMUNA,P09,esc_rec,urban,hom,Art√©s,Boric,Kast,MEO,Parisi,Provoste,Sichel,cluster
0,1101,43.07720891248167,12.206610978178327,0.9868966962352448,0.4896137458964867,0.0132324629192765,0.2109737248840803,0.3269204696439708,0.0635456492855012,0.2142411670598443,0.0818623064616719,0.0892242197456547,1
1,1107,39.236018006215765,10.566224638833855,0.9656181623068024,0.4940281242596128,0.0108114774315547,0.1308476527172572,0.2408945161555537,0.0703773740031242,0.4063142316862616,0.0909315136068404,0.049823234399408,2
2,1401,41.17966695880806,10.756886119389506,0.5960560911481156,0.5994741454864154,0.0114173228346456,0.1070866141732283,0.2480314960629921,0.0543307086614173,0.4033464566929134,0.1307086614173228,0.0450787401574803,7
3,1402,47.60652173913044,8.372502937720329,0.0,0.5380434782608695,0.003452243958573,0.0690448791714614,0.4418872266973532,0.0184119677790563,0.3774453394706559,0.0540851553509781,0.0356731875719217,0
4,1403,43.29036827195468,8.653281853281854,0.0,0.5856940509915014,0.0044150110375275,0.0187637969094922,0.4624724061810154,0.0055187637969094,0.477924944812362,0.0198675496688741,0.0110375275938189,7
5,1404,46.6258637709773,9.011046817464493,0.3904244817374136,0.5577492596248766,0.0071090047393364,0.1226303317535545,0.2837677725118483,0.0462085308056872,0.3951421800947867,0.0930094786729857,0.0521327014218009,3
6,1405,42.38053767512306,12.216381896439286,0.3517606967057932,0.737094534898397,0.0106341079165025,0.1587239070500196,0.2985427333595904,0.0393855848759354,0.2926348956282,0.1201260338716029,0.0799527372981488,7
7,2101,41.73022079542636,12.015258144058322,0.9720701006039196,0.4996649004513661,0.0133636296762487,0.2300996346457207,0.222833416430317,0.0724987126778752,0.2967624870246103,0.0829035448355905,0.0815385747096373,7
8,2102,41.12986512524085,11.091784532049353,0.959344894026975,0.6209055876685935,0.0134575569358178,0.1933229813664596,0.1524327122153209,0.0698757763975155,0.4285714285714285,0.0905797101449275,0.05175983436853,7
9,2103,39.18218871000612,13.140594466728375,0.0,0.8624414102302833,0.0078125,0.159375,0.20625,0.0953125,0.365625,0.1234375,0.0421875,2
10,2104,44.29523522316043,10.551811023622047,0.7968435866505831,0.5768998793727382,0.0155728587319243,0.2366518353726362,0.200222469410456,0.0759176863181312,0.2519466073414905,0.1674082313681868,0.0522803114571746,1
11,2201,41.75792041670788,11.69768243301456,0.9464279827250848,0.5225826657435796,0.01038104543234,0.1567450624607439,0.2039221159885546,0.0682182985553772,0.412415381394375,0.0857003280061413,0.0626177681624677,7
12,2202,42.129411764705885,10.33469387755102,0.0,0.6588235294117647,0.008130081300813,0.078590785907859,0.1436314363143631,0.073170731707317,0.5962059620596206,0.067750677506775,0.032520325203252,7
13,2203,40.57431749241658,11.875044039929536,0.4757892371643635,0.5739804516346478,0.0203515263644773,0.2617946345975948,0.1396854764107308,0.0662966389145852,0.3401171754548258,0.1140918902251002,0.0576626580326857,7
14,2301,44.98225905122073,10.675523491113848,0.9740281408153052,0.4896279406039708,0.0126704476891516,0.1819717630022927,0.1434777362133462,0.0785567756727404,0.4155906842041752,0.1101725594304332,0.0575600337878605,4
15,2302,41.60917782026769,11.83556072051133,0.7158699808795411,0.6640535372848948,0.0187431091510474,0.1460859977949283,0.1168687982359426,0.0650496141124586,0.5314222712238148,0.0815876515986769,0.0402425578831312,7
16,3101,42.93258618370915,11.58499963644296,0.9801945577621376,0.4927690859371498,0.0137723801176912,0.2104491226815003,0.2117727020694342,0.0573610688797867,0.2433776315083439,0.1856230660537659,0.0776440286894775,7
17,3102,44.574117100371744,10.852767676767677,0.8806536555142503,0.5173482032218092,0.0145772594752186,0.2104678606136332,0.1753436068304873,0.0635846175204775,0.2417048452033874,0.2332361516034985,0.0610856587532972,1
18,3103,42.72800937225422,9.959110758237395,0.6751928146050962,0.5706336034364932,0.0089892129444666,0.1695964842189372,0.1472233320015981,0.0557331202556931,0.3228126248501798,0.2321214542548941,0.0635237714742309,7
19,3201,45.15510110294117,10.485740783677254,0.9010799632352942,0.5102251838235294,0.0104744300677757,0.2162661737523105,0.144177449168207,0.0540151981926473,0.2565208461696447,0.2614499897309509,0.0570959129184637,4
20,3202,43.7379475895179,11.442169285352255,0.949489897979596,0.5453090618123625,0.0157735522904062,0.2344425237683664,0.1212186689714779,0.0527225583405358,0.3210890233362143,0.213267070008643,0.041486603284356,1
21,3301,46.00987948616077,10.508054421768708,0.8858164481525626,0.4810223811415706,0.0086874032652653,0.1409456288381846,0.1400968595536472,0.0262619202156872,0.196564980777872,0.4320235658295471,0.0554196415197962,4
22,3302,48.52919618861471,9.073145780051153,0.0,0.5631566088443685,0.0056847545219638,0.1343669250645995,0.1369509043927648,0.0289405684754521,0.1886304909560723,0.4604651162790698,0.0449612403100775,0
23,3303,46.5143470622682,9.474935090872778,0.6340035135662697,0.5040015615850088,0.0083459787556904,0.1612291350531107,0.1157056145675265,0.0261760242792109,0.1942336874051593,0.4430955993930197,0.0512139605462822,3
24,3304,46.36601307189542,10.591409691629956,0.8671468587434974,0.5130052020808323,0.015006468305304,0.1658473479948253,0.1391979301423027,0.0499353169469599,0.240620957309185,0.3386804657179819,0.0507115135834411,4
25,4101,43.88649738647302,11.954647077610987,0.905803370170458,0.4676141971172005,0.0146679833329319,0.2783906163443242,0.2444302608444326,0.0670175100556371,0.1657433945904284,0.1089139911847587,0.1208362436474867,1
26,4102,44.08362193665332,11.355147813400263,0.9419532192524924,0.472825271447178,0.0146123288051782,0.2631608189571353,0.2201294552323804,0.0805205989388004,0.2077256438036503,0.1099952773842264,0.1038558768786287,1
27,4103,46.69297708052457,9.672924901185771,0.9012133839931364,0.4938105159946072,0.0139433551198257,0.2572984749455337,0.1440087145969499,0.0888888888888888,0.2553376906318083,0.1736383442265795,0.0668845315904139,3
28,4104,47.34180064308681,8.337413165729409,0.2733118971061093,0.5302250803858521,0.0172612197928653,0.26409666283084,0.1852704257767549,0.0667433831990794,0.2336018411967779,0.1703107019562715,0.0627157652474108,0
29,4105,47.65431034482759,10.364912280701754,0.0,0.4994252873563218,0.0177287973167225,0.2759942501197892,0.2338284619070436,0.0699568758984187,0.1327264015333014,0.1384762817441303,0.1312889314805941,3
30,4106,45.87735065696283,9.94460626757734,0.5965906315635227,0.4927465442289845,0.0135920201688041,0.2471774635536556,0.1912747999561547,0.058862216376192,0.1832730461471007,0.2157185136468267,0.090101940151266,4
31,4201,47.48316102409371,9.751854867897212,0.6728490926032746,0.4692283799973377,0.0126071608673726,0.2644141872583627,0.1641452344931921,0.0626996133804,0.230122709699109,0.1768364430996806,0.0891746512018826,3
32,4202,51.01772401181601,7.842622950819672,0.2077648051765367,0.5042903361935575,0.0120167189132706,0.3032915360501567,0.1731974921630094,0.035005224660397,0.1773772204806687,0.2223092998955068,0.0768025078369906,5
33,4203,46.37172546823471,9.946124457683093,0.7917366685333831,0.5137203658764233,0.0190863977605293,0.2725537600203588,0.1820842346354498,0.0838529074945921,0.1711413665860796,0.1693599694617635,0.1019213640412266,3
34,4204,46.21734279466238,9.97602127366925,0.5540232962913375,0.5413933145891909,0.0143584521384928,0.2170061099796334,0.2053971486761711,0.0587576374745417,0.2558044806517311,0.1639511201629327,0.0847250509164969,4
35,4301,45.52551535600818,10.238008646998985,0.7801147698445927,0.4727360047287146,0.0114229765013054,0.238223455178416,0.2106451261966928,0.0752012619669277,0.2115154482158398,0.1515176240208877,0.1014741079199303,4
36,4302,50.5047142582259,8.77214562047416,0.4292861266115066,0.496825091398884,0.0135107884654164,0.2444041137326073,0.1784633998790078,0.0425489009881024,0.1889493849566444,0.2561000201653559,0.0760233918128654,5
37,4303,46.58812829954306,8.699581170900483,0.4828091034115611,0.4898185528592342,0.0183988065638985,0.1961213326703133,0.1885629040278468,0.0743908503232222,0.2608652411735455,0.18269517652909,0.0789656887120835,3
38,4304,47.68355065195587,8.841644908616187,0.5062688064192578,0.4926028084252758,0.0076675735839722,0.202572347266881,0.1686866188473905,0.0648033638387336,0.3076923076923077,0.175364828097947,0.0732129606727677,0
39,4305,50.743263251406574,8.160374509211719,0.0,0.5022209061297009,0.011409013120365,0.1865373645179692,0.2082144894466628,0.0707358813462635,0.1859669138619509,0.2258984597832287,0.1112378779235596,5
40,5101,44.75577137398504,11.756107833010448,0.997478452819959,0.4822695645812984,0.025470482480845,0.3524972801135794,0.2352142344580674,0.0879005563228678,0.1042198748466447,0.0997754646954884,0.094922107082507,1
41,5102,45.343006098760576,10.518272929742864,0.6611745032461145,0.4945898091678143,0.0139556377079482,0.2634011090573013,0.3077634011090573,0.0709796672828096,0.0999075785582255,0.1158964879852125,0.1280961182994454,4
42,5103,45.04479290310489,12.75934788157223,0.935871806084838,0.4729180983319798,0.0089555851385695,0.2057364153455161,0.3774658114486264,0.0504659324700472,0.0858445278147565,0.0818508209286377,0.1896809068538464,6
43,5104,44.30965909090909,11.806916426512968,0.0,0.5553977272727273,0.0157728706624605,0.4542586750788643,0.1924290220820189,0.0694006309148265,0.0189274447949526,0.1167192429022082,0.1324921135646687,1
44,5105,46.99179342058719,10.710621912234815,0.8554651574106827,0.4996108949416342,0.0143524319398564,0.2641530926073585,0.2187037247978129,0.0903291946690967,0.1545734138284542,0.1033147283289668,0.1545734138284542,3
45,5107,46.0439073346157,11.023338078598853,0.8433971732039809,0.4901313038387555,0.0151960784313725,0.2521241830065359,0.2448529411764705,0.104656862745098,0.1869281045751634,0.0951797385620915,0.1010620915032679,4
46,5109,45.37053141002795,12.365867721264278,1.0,0.466110183639399,0.0153948950955499,0.2791527462247761,0.3156153948950955,0.0666243485233195,0.0926967793665642,0.0905719631163971,0.1399438727782974,6
47,5201,41.2185191547844,12.703783783783784,0.9486342552825976,0.4863425528259749,0.0141672425708362,0.3358673116793365,0.2007601935038009,0.1116102280580511,0.1074637180373185,0.1216309606081548,0.1085003455425017,7
48,5301,45.23969970683781,11.426083376222335,0.9068021551382616,0.4976230092702638,0.011333585190782,0.2464539616031871,0.2453549472816567,0.0778926400384655,0.1843939966342686,0.1112752000549507,0.1232956691966892,1
49,5302,45.07876049063912,10.555587392550144,0.7137323618924651,0.4881490362445818,0.0144421520393588,0.2069512775749881,0.2166322805903824,0.0983970798285986,0.1972702745595937,0.1495000793524837,0.1168068560545945,4
50,5303,45.02075471698113,10.50665386198381,0.7831536388140161,0.4929919137466307,0.0121927617573059,0.2123088832978517,0.2738532997871105,0.072575962841107,0.1670214824850009,0.1374104896458293,0.1246371201857944,4
51,5304,45.72714224199799,10.492530690726223,0.5863355820295679,0.48636428879001,0.0112481857764876,0.2087566521528785,0.2196419932268989,0.0718432510885341,0.2168601838413159,0.1499758103531688,0.121673923560716,4
52,5401,46.98034959014859,10.048694316436253,0.726840588389415,0.4853089793015683,0.0131751396840725,0.2917155273504863,0.2183210319376422,0.0744291922466717,0.1556873835966062,0.1307856797958198,0.1158860453887011,3
53,5402,46.4195661360755,9.519212609864168,0.6235385265530357,0.4818284265389491,0.0128733264675592,0.298918640576725,0.1849897013388259,0.0875386199794026,0.1683831101956745,0.1619464469618949,0.0853501544799176,3
54,5403,44.571341833636914,10.528141225337489,0.8374822910342036,0.5266140457397288,0.0094052558782849,0.240387275242047,0.2500691562932227,0.0539419087136929,0.1266943291839557,0.1374827109266943,0.1820193637621023,1
55,5404,47.71413390010627,9.328968903436987,0.4139213602550478,0.4910998937300744,0.0132061628760088,0.2873563218390804,0.1640988016629982,0.0914649058449498,0.181462460259232,0.1741257031058938,0.0882856444118366,0
56,5405,47.31248908296944,10.649308673011312,0.6782532751091703,0.5065502183406113,0.0070110701107011,0.1972324723247232,0.3378228782287822,0.0496309963099631,0.0793357933579335,0.0870848708487084,0.2418819188191882,3
57,5501,45.88672268907563,11.03051853177088,0.8642455242966752,0.4729850200949945,0.0154951594767298,0.2537640896250994,0.2723308559361544,0.0825220086114691,0.1557194964758796,0.0963716644269533,0.1237967254477141,4
58,5502,45.84532326618971,10.425018209285389,0.9628554080097153,0.4739037461390216,0.0128990045333457,0.2620460812263401,0.1875029209702294,0.1141281488059073,0.2321353460765527,0.0947329064822171,0.0965555919054073,4
59,5503,45.40035600385671,9.52741947650298,0.6502262107839502,0.4981087295112363,0.0080645161290322,0.1987424822307271,0.235784581738655,0.0880262438490978,0.2588846364133406,0.1041552761071623,0.1063422635319846,4
60,5504,44.04026176378935,11.758296846246589,0.8751012776565908,0.470364599563727,0.0108908734480505,0.2313221520365933,0.2874101502940536,0.0703550424744064,0.1759965149204966,0.0879982574602483,0.1360270093661511,1
61,5506,46.1961153262519,9.843529847979235,0.8456449165402125,0.4800606980273141,0.0140358453897646,0.2510256963938674,0.1620600302310516,0.0970632692722954,0.2578276830058302,0.1181170373569423,0.0998704383502483,4
62,5601,46.09589180542427,10.76962124170246,0.9469933832618338,0.4833127317676143,0.0268258644751124,0.3079547216622732,0.180518943505453,0.1114384659120277,0.1528402336279526,0.1311572853672404,0.0892644854499405,4
63,5602,49.611528592375365,11.44288710907704,0.7878482404692082,0.4835043988269795,0.0110375275938189,0.2425803286730439,0.3528329654157469,0.0578857002698062,0.0696590630365464,0.100196222712779,0.1658081922982585,5
64,5603,48.35925088421175,10.190963600024226,0.9123325795790572,0.4923754855916971,0.018102658111824,0.2506874427131072,0.2659257561869844,0.1191567369385884,0.100481209899175,0.1343950504124656,0.1112511457378551,0
65,5604,50.608984093997286,10.936139578216313,0.9334985213012548,0.4867716409559587,0.0158443900553909,0.3099317274249645,0.2611103954656705,0.0872085533943063,0.0892696122633002,0.1049851861393791,0.1316501352569882,5
66,5605,50.67805294619983,10.781281082156356,0.9528418256001518,0.4967264446342158,0.0198899703766398,0.3137254901960784,0.252644942869234,0.1070672873465933,0.0754690365354775,0.1184934405416843,0.1127098321342925,5
67,5606,47.387727825030375,11.224677948977014,0.5623329283110571,0.4961117861482381,0.0078399567450662,0.173154906731549,0.40551500405515,0.0533928088672614,0.0679913490132468,0.1119221411192214,0.180183833468505,3
68,5701,45.0076068286185,11.1192082852194,0.9048971150138464,0.4765660602236478,0.0144048264642082,0.2606765184381778,0.2556263557483731,0.0745661605206073,0.173298535791757,0.11117136659436,0.1102562364425162,1
69,5702,46.21848418235688,9.377955082742316,0.5529962725795661,0.4950778935295804,0.0091510903426791,0.2375389408099688,0.1927570093457944,0.0940420560747663,0.2223520249221184,0.1290887850467289,0.1150700934579439,3
70,5703,45.84846330526086,9.99441690879052,0.7295198512523242,0.4890079842502461,0.0165071302988865,0.2832584489158039,0.1648759523344403,0.0951357687048251,0.201211174057433,0.1407501465129908,0.0982613791756202,4
71,5704,45.74828417733259,9.762236445783133,0.5405305138193285,0.5025041736227045,0.0085574572127139,0.2182151589242053,0.2658924205378973,0.0699877750611246,0.2172982885085574,0.1188875305623471,0.101161369193154,4
72,5705,47.34639646743416,9.840685879890517,0.4045891815171109,0.4925879198864532,0.018458197611292,0.2802854040639057,0.2143632697378625,0.0831394447029626,0.146424693655964,0.1599193423297658,0.0974096478982472,3
73,5706,45.87104131941398,9.888271162123386,0.6404947802438811,0.4894288972716905,0.0099510878731657,0.1937932197672457,0.2265137459942654,0.0757294653398549,0.1924439197166469,0.1716984314386911,0.1298701298701298,4
74,5801,46.50752541796061,12.080599244354628,0.9855787637724932,0.4613349215127408,0.0153120815884682,0.2952739082129732,0.2829672677548927,0.0799789191806968,0.1174401048343446,0.0877987636384354,0.1212289547901888,6
75,5802,46.28845268247755,10.99323659982719,0.8507080359198711,0.476427584618927,0.0144950044002691,0.2714189573950406,0.2968887508412279,0.067039395351245,0.1322669151524564,0.0927162602888647,0.1251747165708961,4
76,5803,47.49028478196381,10.539996940960538,0.6987540789083359,0.4870958172649066,0.0128433367243133,0.2447863682604272,0.3336724313326551,0.0713377416073245,0.1135554425228891,0.0966429298067141,0.1271617497456765,3
77,5804,45.76032660400832,11.94786440241863,0.9900262412311424,0.4606224712757838,0.0166533101385821,0.2804675436367546,0.2998964054651004,0.0772072477082152,0.1279294775317136,0.0853775336682238,0.1124684818514102,6
78,6101,44.74804004074944,11.265943012211668,0.9664703016344068,0.478866767063826,0.0120959641350434,0.2717045370438901,0.24034384681265,0.0837624369561309,0.1710035209406092,0.0954037450965879,0.1256859490150882,1
79,6102,45.05351618890493,9.707614640302904,0.5336151783872963,0.5032996494122499,0.0109227871939736,0.2499058380414312,0.2212806026365348,0.0983050847457627,0.1898305084745762,0.1209039548022598,0.1088512241054614,4
80,6103,47.25984391628237,9.775193798449612,0.4680737850301525,0.5097552323518978,0.0073372057474778,0.2350963008254356,0.2892081932130846,0.0889636196881687,0.1290125343931519,0.1051666157138489,0.1452155304188321,3
81,6104,46.02781384541789,9.27328020134228,0.5588737784459783,0.4996241372240825,0.0103961787018825,0.2143860635009834,0.2641191345883675,0.0817645406012925,0.1600168586681652,0.1368361899409946,0.1324810339983141,3
82,6105,45.44521345407503,10.21216557966192,0.779430789133247,0.4932729624838292,0.0106737059566165,0.2631699758980833,0.2266727877883622,0.0872259841615976,0.1719270056237805,0.1158039710776999,0.1245265694938597,4
83,6106,43.882758905694686,10.504652644996812,0.8873873873873874,0.4912389453673857,0.0114632501685772,0.2790140106390949,0.2166029819435079,0.1007717089982767,0.1676781299168352,0.1136585000374616,0.1108114182962463,1
84,6107,46.56008342692122,9.109074752860158,0.382908176907856,0.5132894807208942,0.011743450767841,0.2250451671183378,0.2700993676603432,0.0879629629629629,0.0942863595302619,0.1661020776874435,0.1447606142728094,3
85,6108,43.874774118725895,12.3545582901913,0.978666019365105,0.4798392534455322,0.0084421321291842,0.2499754589182291,0.2742220477078629,0.0794640227741238,0.1415529596544615,0.0907038382251889,0.1556395405909492,1
86,6109,46.70288657789872,9.20860172430879,0.4010107882204295,0.5040334337642142,0.0080014886490509,0.1979903237811686,0.3146631931522143,0.0770375883885374,0.1276516561220692,0.1477484183103833,0.1269073315965761,3
87,6110,45.080876835673706,9.895071891120624,0.8265623325115232,0.4967306249330046,0.0132013201320132,0.2740305280528052,0.2352516501650165,0.0882838283828382,0.1643976897689769,0.1152021452145214,0.1096328382838283,4
88,6111,45.05854870775348,9.94390342868736,0.6879721669980119,0.4992047713717694,0.0074277409979008,0.2137897626352333,0.2746649442919425,0.0796060067818504,0.1737445502987243,0.115937348619409,0.1348296463749394,4
89,6112,46.34132723112128,9.531220876048462,0.8367048054919909,0.5071853546910755,0.0142493638676844,0.2544529262086514,0.2137404580152671,0.0856658184902459,0.1341815097540288,0.1670907548770144,0.1306191687871077,3
90,6113,47.35739378272685,8.891555615991297,0.4700072910452708,0.5087161132100484,0.0121754437435822,0.2260525157694,0.2367610385800205,0.0680651312894235,0.1092856095056476,0.180724658940883,0.1669356021710429,3
91,6114,46.49240060392552,9.391007340946166,0.5566180171112229,0.5019627579265223,0.0124718517235406,0.2535943183786592,0.2496102546336393,0.0727524683873202,0.1403083318898319,0.1354581673306772,0.1358046076563312,3
92,6115,45.119160429398704,10.06456969130028,0.7722538854173819,0.4848588889651857,0.0129921088198107,0.242969874002703,0.2424467018354623,0.0951301390766011,0.1508915725683393,0.1448314949644679,0.1107381087326154,4
93,6116,44.44357108199903,9.989776485917613,0.5796215429403202,0.5021348859776807,0.0093384534822831,0.1850235643218711,0.2968231803106999,0.0793332169663117,0.1870308954442311,0.1220108221330075,0.1204398673415954,4
94,6117,47.0090102773476,9.945935749731564,0.548388005068281,0.4912572152611572,0.0116633673960729,0.241560109143438,0.2533839815954202,0.0661815847199186,0.1091434380182975,0.1693863356695736,0.1486811834572789,3
95,6201,47.052581489412326,10.343811074918566,0.7794432548179872,0.500991355381077,0.0134636006195639,0.2633146669843917,0.2378172286429167,0.0658882402001668,0.0888835934707494,0.1397593232455617,0.1908733468366495,3
96,6202,50.13958248055669,8.744476865360568,0.3733115022513303,0.5333606221858371,0.0105146651909241,0.2246817930271167,0.2844493635860542,0.0625345877144438,0.0708356391809629,0.1804095185390149,0.1665744327614831,5
97,6203,48.0179335642959,9.004820792286733,0.5239453841450988,0.5219074791114734,0.0098978288633461,0.2148786717752235,0.2985312899106002,0.0638569604086845,0.0664112388250319,0.1963601532567049,0.1500638569604087,0
98,6204,48.701596113809856,8.858954041204438,0.4450034698126301,0.5164816099930604,0.0107561929595827,0.2180573663624511,0.2460886571056062,0.0557366362451108,0.0782268578878748,0.1939374185136897,0.1971968709256845,0
99,6205,51.21693713859354,9.38739431206764,0.0,0.5247155381458684,0.0166092134127232,0.2528987778125979,0.2384832340958947,0.0680037605766217,0.0639298025697273,0.1949232215606393,0.1651519899717956,5
100,6206,50.71537842190016,7.777981277981278,0.2876409017713365,0.5245571658615137,0.0079654829074012,0.21042150680385,0.2495851310985728,0.0514437437769664,0.072021241287753,0.2349817457683372,0.1735811483571191,5
101,6301,45.64460337152448,10.72707661139041,0.8567649419835073,0.4781434722323578,0.0123174729313598,0.2375086917651733,0.2777391477103407,0.0707592463825701,0.1342008542763484,0.1270156617330552,0.1404589252011522,4
102,6302,47.3737164552593,8.790992258972555,0.5631202001898352,0.5023729398567607,0.006619937694704,0.180101246105919,0.3035436137071651,0.065809968847352,0.1140965732087227,0.1637461059190031,0.1660825545171339,3
103,6303,45.898230587174574,9.190646796508748,0.5734249971824636,0.5005071565423194,0.0092284417549167,0.1921331316187594,0.2620272314674735,0.0741301059001512,0.1767776096822995,0.1497730711043872,0.1359304084720121,3
104,6304,48.806758775205374,8.521148036253777,0.3534353995519044,0.5113890963405526,0.0060626473560121,0.1913102054563826,0.2734927585045469,0.0404176490400808,0.0767935331761535,0.2202761872684405,0.1916470191983832,0
105,6305,46.20991145174492,9.445755439779344,0.6297343552347645,0.4925217650122777,0.0088313217544892,0.1960553429496614,0.2444804239034442,0.0581395348837209,0.1480718280836031,0.1878127759788048,0.1566087724462761,3
106,6306,46.801474405565365,9.05283381364073,0.2728688609697851,0.5038936766690894,0.0084215072338587,0.1768516519110343,0.2433599654502267,0.0593824228028503,0.1012740228892248,0.2658173180738501,0.1448931116389548,3
107,6307,47.59355971896956,9.171377245508982,0.5959016393442623,0.5053864168618267,0.0090805902383654,0.2077185017026106,0.2479001135073779,0.0619750283768444,0.0889897843359818,0.2090805902383655,0.175255391600454,0
108,6308,46.90123640697155,9.128948175406316,0.2790108744227618,0.5033517056457619,0.0120915873424234,0.1654232055569848,0.2513506560329303,0.0725495240545407,0.1636223308464111,0.1857473630048881,0.1492153331618214,3
109,6309,49.67179670722978,8.188269370021724,0.0,0.5096635647816751,0.0141806722689075,0.1869747899159664,0.2804621848739496,0.0698529411764705,0.0656512605042016,0.2011554621848739,0.1817226890756302,5
110,6310,46.473951981043314,10.167720727480615,0.597658291807506,0.485625675157682,0.0096718994122461,0.2240160702328695,0.2796666914664087,0.0494010862287032,0.0960494010862287,0.1524440145822483,0.1887508369912953,3
111,7101,44.404119663594415,11.476923076923075,0.9586491583929396,0.4688326631317984,0.0101434717096499,0.2418819470224706,0.2769746467800755,0.0635249929028454,0.1465398641713799,0.1204441726901491,0.1404909047234293,1
112,7102,44.8264010183842,9.815163859670456,0.8080168151810296,0.4945380265845643,0.0107748739110499,0.1677556166895919,0.2561325080238423,0.0680880330123796,0.2212287941311325,0.1578404401650619,0.1181797340669417,4
113,7103,51.12313139260425,8.065474589943534,0.3402832415420928,0.509965906110674,0.0086805555555555,0.2199900793650793,0.2633928571428571,0.0473710317460317,0.0954861111111111,0.2088293650793651,0.15625,5
114,7104,45.95632770162576,8.143180349062701,0.712782913611731,0.531399426203379,0.0033204205866076,0.0680686220254565,0.4731599335915882,0.0520199225235196,0.1660210293303818,0.1300498063087991,0.1073602656336469,3
115,7105,41.68791431466204,10.834362750920535,0.7623100303951368,0.476653640179476,0.0078300708038317,0.1763431903373594,0.2847147022074136,0.0806330695543523,0.1948354852144939,0.127030403998334,0.1286130778842149,7
116,7106,47.03732383459811,8.7894067122634,0.298900418150844,0.4957410562180579,0.0079736046191916,0.1509485839978004,0.3098707726147924,0.0681880670882595,0.1542480065988452,0.1635963706351388,0.1451745944459719,3
117,7107,48.29865666979069,8.655023233456177,0.4003436426116838,0.5148391127772571,0.0050114846523282,0.1323867195656713,0.3520567968260597,0.0561703904781791,0.1219461265399874,0.1954479014408018,0.1369805804969722,0
118,7108,46.48643356643357,8.351685178092685,0.307039627039627,0.5234498834498834,0.011090573012939,0.1582255083179297,0.3120147874306839,0.0800369685767097,0.1341959334565619,0.1528650646950092,0.1515711645101663,3
119,7109,45.7710100231303,8.928535257627548,0.476515034695451,0.4991210485736314,0.0090687601515971,0.1818489442338928,0.2847184623714131,0.074512723335138,0.1550487276664862,0.1764347590687601,0.1183676231727125,3
120,7110,46.0157886970636,8.979499547784142,0.5251586247602184,0.4913678618857902,0.0092841436599071,0.1441485462985585,0.2890300513071097,0.0901539213290984,0.1803078426581969,0.1531883703884681,0.1338871243586611,3
121,7201,48.76680111899031,9.30897668480817,0.8050549736516818,0.4692928241493722,0.0072292239779924,0.1278868914336894,0.4542255773782867,0.0487492802763738,0.0838717932313991,0.1258396775638155,0.1521975561384428,0
122,7202,48.7510980966325,8.252422841807068,0.4354319180087848,0.4994143484626647,0.0045121263395375,0.1302876480541455,0.4847715736040609,0.0394811054709531,0.0662718556119571,0.1644106034968979,0.1102650874224478,0
123,7203,48.64744588744589,9.274847506279151,0.531082251082251,0.4957575757575757,0.0084535057185479,0.1720537046245649,0.4507707608155146,0.0445052212829438,0.0681253107906514,0.1320238687220288,0.1240676280457483,0
124,7301,44.79200758287058,10.723997493734336,0.8866325079807924,0.4791247507399558,0.0111103419631731,0.2168766440537173,0.2971583829433753,0.0805759379759102,0.1359372836771424,0.1200332271909179,0.1383081821957635,1
125,7302,49.03494731225824,8.69689608636977,0.5846338535414166,0.5014005602240896,0.0096362322331968,0.196820043363045,0.2389785593832811,0.0623946037099494,0.0881715249337509,0.2450012045290291,0.1589978318477475,0
126,7303,48.296908419210574,9.50009910802775,0.7363406572039666,0.5030138051720785,0.0095804426825239,0.1856623719854641,0.242814667988107,0.0617773372976544,0.1146349520977865,0.1780640898579451,0.2074661380905186,0
127,7304,45.63134651464858,9.515980250125654,0.8040121229614663,0.4861596189926396,0.0098325803879883,0.2105235184693064,0.2595801222428913,0.0875365399946851,0.1403667286739303,0.1724156258304544,0.119744884400744,4
128,7305,46.66675003126172,8.892685396102253,0.5060647742903589,0.4918094285357008,0.0085826954302945,0.1396427742983066,0.3419160287636279,0.088842495940617,0.1220134539549988,0.1674785432614242,0.1315240083507307,3
129,7306,45.44388507942019,9.286800459729466,0.4164569047825709,0.5030813297456818,0.0096859865645992,0.1638806436494297,0.3351038900171848,0.0721762224652398,0.1159193875956881,0.1632557412904233,0.1399781284174348,4
130,7307,46.17984854859066,8.675720223591801,0.4217501051745898,0.5050483803113168,0.0098226466575716,0.177762619372442,0.268212824010914,0.0759890859481582,0.1353342428376534,0.2,0.1328785811732605,3
131,7308,45.8514627298252,8.88193804167435,0.3177248437641518,0.5071098632370257,0.01078360891445,0.1729485467803224,0.3211461435760501,0.0796960049296497,0.1478894936838862,0.1261168737804252,0.1414193283352162,3
132,7309,49.7201514269074,8.879833432480666,0.2652882935352358,0.5198019801980198,0.0091174325309992,0.1451495258935083,0.311816192560175,0.0390226112326768,0.0678336980306345,0.1509846827133479,0.2760758570386579,5
133,7401,46.11668262839663,10.463601924848982,0.8239826183907717,0.4658299861347361,0.0086617819301065,0.215182632854847,0.3424944842426388,0.0647726963201046,0.1338218069893498,0.1126848800152534,0.1223817176476997,4
134,7402,46.419627313173,8.984093319194061,0.4155651557160358,0.4852021406925011,0.0100449378799894,0.1998413957176844,0.2828443034628601,0.0890827385672746,0.1496167063177372,0.1583399418450964,0.1102299762093576,3
135,7403,46.638130455346776,8.356236362826735,0.2944489831018618,0.5062561809347723,0.0055572094869504,0.1631437927954748,0.4150044656147663,0.0514041877542919,0.1068770467401012,0.1403195395454996,0.1176937580629155,3
136,7404,47.35111411208643,9.52836272703343,0.7262145911707019,0.4758367898138324,0.0065304655203403,0.1648792762566652,0.3896710802228746,0.049667485471212,0.0929243304775028,0.1434305913366484,0.1528967707147564,3
137,7405,47.64110328483971,8.43135149644343,0.3395431505496675,0.5000329142255283,0.0076166735909153,0.125744356737294,0.4101924941143886,0.0553939897521119,0.1020634261182661,0.129206481096801,0.1697825785902229,0
138,7406,46.156956355170486,9.468517121737818,0.7003506910676922,0.4756726490437037,0.0085017948233515,0.1712954216260469,0.3349707160400529,0.0616537565337867,0.1347062157566597,0.1575036211348321,0.1313684740852698,3
139,7407,47.291234607906674,9.137258172114745,0.5816591056383669,0.479747245625405,0.0071477195371,0.1640571817562968,0.3498978897208986,0.0673927842069435,0.1082368958475153,0.1594622191967324,0.1438053097345132,3
140,7408,46.15102856297173,8.49319830713422,0.3400917566967589,0.5018499334023975,0.0108383806184252,0.1488683455530761,0.358144724258846,0.0773031558814153,0.1182658591010519,0.1708638826904686,0.1157156518967166,3
141,8101,43.34314625887976,12.53799783984302,0.9814991037245224,0.4744450837630292,0.0145700905018926,0.2486608372700466,0.3062371822995847,0.0587088940811558,0.1293656704996479,0.1126529196298299,0.1298044057178422,1
142,8102,44.24378905744313,10.741636223803114,0.9727083357851504,0.4707606124442456,0.0120006774575984,0.1997532118748639,0.280636810142508,0.0772543611332897,0.2476107522198833,0.1158210544143621,0.0669231327574943,1
143,8103,44.74502291222854,11.826174139173482,0.9992950083526184,0.4594093396067372,0.0143027760785341,0.2361268898016254,0.2650528707506773,0.0797576393136998,0.1726819889889015,0.1133735325817821,0.1187043024847796,1
144,8104,49.07381037142518,8.771843465419641,0.4126023495906016,0.5061113088880977,0.0118483412322274,0.1342093925032313,0.3364928909952606,0.0682895303748384,0.1454114605773373,0.1732012063765618,0.1305471779405428,0
145,8105,45.12956550876801,9.83919854694063,0.8449123198927734,0.4766000223388808,0.0110406389476156,0.1706600892647404,0.2758985200845666,0.1007751937984496,0.2165844491425886,0.1269673478975804,0.0980737608644585,4
146,8106,46.20839407191448,9.941748474807222,0.99738824101069,0.4723335762876579,0.010371282439856,0.1843625686683083,0.2938056450085243,0.0858117067626444,0.2189808675885584,0.1455768137904906,0.0610911157416177,4
147,8107,45.36279823434095,10.778897197328616,0.990193887243672,0.4681790244175001,0.0143432792861939,0.2103041350858678,0.2313633310946944,0.0792478173270651,0.2122229684351914,0.1662669097188909,0.0862515590520963,4
148,8108,43.12208767306647,12.188781427218656,0.9988810808549796,0.4644246455013176,0.0105506170708552,0.2128462932596875,0.3109950806938811,0.0631310951928885,0.157007853629067,0.1027876068007249,0.1426814533528954,1
149,8109,47.17974829474493,8.914632951092816,0.662887885483716,0.4822749543664136,0.0133408493047726,0.1664787673806839,0.4049229612927471,0.0640736565201052,0.1516347237880496,0.119879744456971,0.0796692972566704,3
150,8110,45.13114459378478,11.583740520849751,0.9895728105470422,0.4716291413406386,0.0137340417096185,0.2095472206803584,0.3011656490365554,0.0721909444136071,0.2083895012290857,0.098184124970264,0.0967885179605106,1
151,8111,46.75930273923871,10.599127272727271,0.9014111229692872,0.4594806118818925,0.0110533732605249,0.2183811872467852,0.3026686630262462,0.0627091773824203,0.1675180553109036,0.1463801303505372,0.0912894134225823,3
152,8112,45.23949585782058,11.52923406039056,0.99168731855838,0.4626354174042342,0.0133268779940882,0.2085414330853124,0.2539496483538885,0.0871725614106615,0.2251044745693609,0.1171644072979309,0.0947405972887575,1
153,8201,45.51242488224785,9.432182251538164,0.913919116452818,0.4797791132044827,0.0106849623214486,0.1754583286469463,0.3909571476774266,0.0710831177595321,0.140929029355528,0.1516139916769767,0.0592734225621414,4
154,8202,45.189229506973966,9.90723040160333,0.7513612292086224,0.483516073692847,0.0085642668152067,0.1533908926333379,0.3469572482941094,0.060019495891937,0.2343684723576103,0.1174627489207631,0.0792368750870352,4
155,8203,45.82890178067843,9.321837174597912,0.5602288292643622,0.4734106840705825,0.012582144574451,0.139605706042635,0.5045680397499599,0.0457605385478442,0.1090719666613239,0.1167655072928353,0.0716460971309504,3
156,8204,47.71789193976971,8.79819004524887,0.5013286093888397,0.4980070859167405,0.0095905569900405,0.1217263002582073,0.5743268166728145,0.051272593139063,0.0793065289561047,0.1128734784212467,0.050903725562523,0
157,8205,45.75470984020185,9.65687032740397,0.93174936921783,0.4806139613120269,0.0128016960208741,0.1734344422700587,0.3178408349641226,0.0643346379647749,0.2087410306588388,0.1575342465753424,0.0653131115459882,4
158,8206,45.2825241416309,9.135111050178228,0.8844554721030042,0.4758583690987124,0.0099974365547295,0.132017431427839,0.4482184055370418,0.048705460138426,0.1623942578825942,0.1375288387592924,0.0611381697000769,4
159,8207,43.99388670017661,8.437742114001107,0.3674772449395462,0.5023773943757641,0.0151878497202238,0.1548094857447375,0.5158539834798828,0.0373034905409006,0.0857980282440714,0.1286970423661071,0.0623501199040767,4
160,8301,44.780819612541904,10.743553077541817,0.7421343852232798,0.4737812840775993,0.0081682457651449,0.135615848406546,0.4233563020384726,0.0467126040769451,0.1667815101923629,0.0923916164226241,0.1269738730979041,1
161,8302,48.17783505154639,9.335997335997336,0.4971005154639175,0.470360824742268,0.009229098805646,0.1330076004343105,0.2969598262757872,0.0494028230184582,0.2171552660152008,0.1802388707926167,0.1140065146579804,0
162,8303,45.72735350512089,9.483624193162802,0.7396997614927746,0.4900621989430856,0.0068747677443329,0.1216090672612411,0.3435525826830174,0.0641954663693794,0.2574321813452248,0.1188219992567818,0.0875139353400223,4
163,8304,46.97806592341251,9.665180230397622,0.7164323800290838,0.4678865729520116,0.0093143306026259,0.1457748849736281,0.3040062843676355,0.0709235776007182,0.2575468522051397,0.1136797216922904,0.098754348557962,3
164,8305,46.13130391127744,9.156986453887548,0.8037971794988819,0.4895714481310757,0.0086606243705941,0.1360523665659617,0.3788519637462235,0.0468277945619335,0.1842900302114803,0.1625377643504531,0.0827794561933534,3
165,8306,46.04685318301701,9.69523959316347,0.8561824481563841,0.4867352743445208,0.0086011342155009,0.1292060491493383,0.349054820415879,0.0450850661625708,0.2695652173913043,0.1194706994328922,0.0790170132325141,4
166,8307,46.25750834260289,8.924292016507756,0.610678531701891,0.4862347052280311,0.0067476383265856,0.0944669365721997,0.4170040485829959,0.0585695006747638,0.1784075573549257,0.1371120107962213,0.1076923076923077,3
167,8308,50.127394636015325,8.817021276595744,0.4540229885057471,0.4993614303959131,0.0060142154182613,0.1284855112083105,0.3652268999453253,0.0431930016402405,0.1273920174958994,0.2236194641880809,0.1060688901038819,5
168,8309,48.49680228602531,8.805916505391208,0.5750442237039053,0.4878214723091577,0.0112506541077969,0.1072736787022501,0.3869701726844584,0.0638409209837781,0.1766091051805337,0.1496598639455782,0.1043956043956044,0
169,8310,48.858246427191965,9.609344326658814,0.8304364619544226,0.4669756662804171,0.0068892421833598,0.1658717541070482,0.2702702702702703,0.1081081081081081,0.228404875463699,0.1494435612082671,0.0710121886592474,0
170,8311,46.60416462037128,9.102802802802804,0.5658579707297908,0.4809940084471074,0.0091850693765878,0.1260504201680672,0.4068790306820402,0.0439710768028141,0.1690443619308188,0.1309360953683799,0.1139339456712917,3
171,8312,47.88078725398313,9.52511240792117,0.8271790065604498,0.4795688847235239,0.0093277015135515,0.1460753255895811,0.3208377331925378,0.0536782822949665,0.2020415346708905,0.1652587117212249,0.1027807110172474,0
172,8313,48.83277955657585,9.121614082935595,0.582673835558509,0.4871624478946414,0.0099930281199163,0.1604694399256332,0.3805484545665814,0.0548454566581454,0.1575644898907738,0.144317917731815,0.0922612131071345,0
173,8314,42.26978146194424,7.363706763035622,0.0,0.5214770158251696,0.0216567406605305,0.2041147807255008,0.2717920952896589,0.0644288034650785,0.1380617217108825,0.2160259880887926,0.083919870059556,7
174,9101,43.35658268911239,12.023093650679858,0.9346222406322284,0.4645511707678059,0.0100706448218848,0.1955174774955325,0.3926632930841559,0.0566745160913205,0.1263172837650517,0.1003640796967115,0.1183927050453429,1
175,9102,47.634463876627365,8.493076878512253,0.5271833268145499,0.489858635525507,0.0119462945343059,0.1296120097261867,0.4203404165345173,0.0525425520668146,0.0997991331007506,0.1847975473094407,0.1009620467279839,0
176,9103,49.05263551961665,9.102972889710411,0.4859988020365379,0.4979035639412998,0.0072546773577701,0.1388570701285477,0.4313351151839124,0.0525645920834924,0.1223113147511772,0.1485299732722413,0.0991472572228586,0
177,9104,45.65524861878453,8.595585412667946,0.2972375690607735,0.50902394106814,0.0175922731976543,0.1890307002414625,0.4246291824767161,0.0431183166609175,0.0931355639875819,0.1148671955846843,0.1176267678509831,3
178,9105,47.144244255043695,8.9868472384774,0.3151904196784982,0.4963858021361527,0.013695652173913,0.1501086956521739,0.3946739130434782,0.0620652173913043,0.1032608695652173,0.1771739130434782,0.0990217391304347,3
179,9106,47.51724137931034,8.094695621217515,0.3508592238534198,0.497439399112325,0.0143081144649157,0.1724813798510388,0.3531948255586045,0.0736965895727165,0.0927087416699333,0.222265778126225,0.071344570756566,0
180,9107,48.28628780444286,9.458632101489243,0.6907841912748685,0.4772950307788384,0.0061293288384921,0.1216671774440698,0.4834508121360711,0.0349371743794054,0.1015936254980079,0.1288691388292981,0.1233527428746552,0
181,9108,44.91707334577293,9.943429427180831,0.7155877709200517,0.4781469786134634,0.0093957979903432,0.1416547044238549,0.4514550437165601,0.0512201487668015,0.1193396841967897,0.143351167949889,0.0835834529557614,4
182,9109,47.72693579655605,9.309979016087668,0.684570646595963,0.4802143916067967,0.0098111615149277,0.1599324823293596,0.3693427576748602,0.0620318599008334,0.1377782466504905,0.1621479058972465,0.0989555860322818,0
183,9110,48.87246314889981,8.92024128686327,0.4424268318735313,0.49946592608417,0.011812812358019,0.1644706951385733,0.428895956383462,0.0431621990004543,0.1122217174011812,0.1490231712857792,0.0904134484325306,0
184,9111,46.68039043924415,9.43973594548552,0.5626329620823426,0.480999457723272,0.0134634293926329,0.1660993873383253,0.355268134029196,0.0764692534604039,0.124574540503744,0.1740412979351032,0.0900839573405945,3
185,9112,43.5555736724822,10.118785926938417,0.59713390220483,0.4769462108447923,0.0103281627562553,0.171837243744641,0.3613297996726167,0.0721802166965468,0.1702393015823524,0.1162210616571829,0.0978642138904045,1
186,9113,46.58957718780728,9.064906709011511,0.5162241887905604,0.4918387413962635,0.0122241086587436,0.1300509337860781,0.4251273344651952,0.0631578947368421,0.1548387096774193,0.1555178268251273,0.0590831918505942,3
187,9114,47.461371113233575,9.893262102049716,0.6498991828504722,0.4764406240050939,0.0081934452438049,0.1571742605915267,0.4483413269384492,0.057154276578737,0.1076139088729016,0.1242006394884092,0.097322142286171,3
188,9115,44.44313319855189,10.930618987464776,0.643048568338897,0.4913254031689313,0.0110947952357643,0.2365801925273291,0.3746940773372491,0.0483765704030021,0.1102953173437755,0.0888399412628487,0.130119105890031,1
189,9116,49.06283740012956,8.001563023333706,0.2145324983804794,0.4909306845173828,0.0210987261146496,0.1512738853503184,0.3146894904458598,0.080812101910828,0.1064888535031847,0.2354697452229299,0.0901671974522293,0
190,9117,49.09040188300933,8.20965578900313,0.3419056751808909,0.5027460552698109,0.0072727272727272,0.1184189723320158,0.4216600790513834,0.0477470355731225,0.1037154150197628,0.1440316205533597,0.1571541501976284,0
191,9118,48.9893558951965,8.502022033189235,0.3916484716157205,0.4982259825327511,0.0098721112856181,0.12676688355396,0.4168723356517837,0.0569890060578864,0.1032084361678258,0.1415750504823872,0.1447161768005384,0
192,9119,45.0701805902217,9.6374245268659,0.542896295208731,0.4871041941956638,0.0093641726753441,0.1352186534319693,0.4188594437681431,0.0513156662608858,0.1218278865062271,0.1502949714392733,0.1131192059181571,4
193,9120,45.76474460563209,10.483272307769472,0.6518346946239181,0.4819700109715957,0.011619931410127,0.2084325196691547,0.4033487996772241,0.0478111761145854,0.109905184587452,0.1035707080895703,0.1153116804518862,4
194,9121,47.043614457831325,8.39325699745547,0.3536144578313253,0.4910843373493976,0.0165352816766006,0.1517015958469525,0.3499327052489905,0.0682561045952701,0.158046529513555,0.1499711593924245,0.1055566237262065,3
195,9201,46.22424887267569,10.257275781855776,0.9132340274611136,0.469828241374069,0.0072272083136513,0.1325932923948984,0.4715162966461974,0.0444024563060935,0.1450165328294757,0.1037789324515824,0.095465281058101,4
196,9202,46.04672007170467,8.819137990168057,0.7421993165648983,0.4814296117864545,0.00945601359966,0.1188907777305567,0.5258181045473863,0.0516362090947726,0.1243093922651933,0.0980662983425414,0.0718232044198895,3
197,9203,48.4796963946869,9.48646967340591,0.7276660341555977,0.4693738140417457,0.0076923076923076,0.1298565840938722,0.5423728813559322,0.0460234680573663,0.0856584093872229,0.1095176010430247,0.0788787483702738,0
198,9204,46.77706208624083,8.475621147020362,0.4775451780282698,0.4861334764716407,0.0171291538198013,0.1661527920520726,0.5104487838300787,0.0623501199040767,0.0613223706748886,0.1103117505995203,0.0722850291195615,3
199,9205,45.80871862615588,8.433739893106756,0.3803170409511228,0.5290620871862616,0.0070206230802983,0.127248793330408,0.4703817463799912,0.0370776656428258,0.0936814392277314,0.1930671347082053,0.0715225976305397,3
200,9206,47.959368764737896,8.146980122324159,0.5936876473789225,0.4939234536549973,0.0080598733448474,0.1111111111111111,0.5414507772020726,0.0374208405296488,0.0797351755900978,0.1329879101899827,0.0892343120322395,0
201,9207,47.83222895812773,7.552616279069768,0.4245030311574792,0.5140279148456225,0.0125331405157869,0.1340081947457218,0.5888165823089901,0.0421788382742829,0.0580862858520125,0.1096649795131357,0.0547119787900699,0
202,9208,48.25408618127786,8.641245226246962,0.6366441879071894,0.4743399245628071,0.0093067426400759,0.1168091168091168,0.5021842355175689,0.043684710351377,0.0769230769230769,0.1754985754985755,0.0755935422602089,0
203,9209,45.87271771969,9.123612239371784,0.8053329830553001,0.4778668067778799,0.0082411113727336,0.1047798445961855,0.4132328702613609,0.0609842241582293,0.1864845773487167,0.135625147162703,0.0906522251000706,3
204,9210,48.28399828399829,8.986527276742988,0.7631917631917632,0.4653224653224653,0.0132877752467729,0.1610984560870665,0.4846874209060997,0.0545431536319919,0.0656795747911921,0.1254112882814477,0.095292331055429,0
205,9211,46.67869409176861,9.926690165947166,0.7286690078339058,0.4689538069694748,0.0082318525069732,0.1168786992312402,0.5763657391659297,0.050343560786448,0.070004762228723,0.1004830260561943,0.0776923600244914,3
206,10101,42.54869843370836,11.067854942893796,0.8914019413192147,0.4860853739245532,0.0137961726746773,0.2146565791425604,0.3285292070338799,0.063183960380222,0.1653258475688382,0.1065694430180411,0.1079387901817808,7
207,10102,46.00327713507324,8.86432119879469,0.4560350613969282,0.5002961266632447,0.013807944050928,0.193849188559132,0.303774769120416,0.0636600017932394,0.1979736393795391,0.128395947278759,0.0985385098179861,3
208,10103,48.82839506172839,8.669233237086942,0.0,0.5552469135802469,0.0123056994818652,0.1839378238341968,0.4183937823834197,0.0446891191709844,0.0958549222797927,0.1172279792746114,0.1275906735751295,0
209,10104,47.986927409926665,8.511615284411636,0.5805080242321182,0.5005845467105963,0.0083443959795183,0.1591124597003603,0.3891522852266262,0.0400151716290536,0.0931158733168974,0.2234022378152854,0.0868575763322586,0
210,10105,45.713841930356885,9.688352104327208,0.6923132495304147,0.4879352694697298,0.0071693153303859,0.1614290835225236,0.3895327996176365,0.0448082208149121,0.144342215318437,0.1588003345680487,0.0939180308280559,4
211,10106,47.61489246897402,8.392710634269486,0.4527865566946735,0.5119093501888538,0.0055857487922705,0.1201690821256038,0.4852053140096618,0.0369867149758454,0.1145833333333333,0.1295289855072463,0.1079408212560386,0
212,10107,45.459094339622645,9.824587241299124,0.8048301886792453,0.4871698113207547,0.0084248149093694,0.1780699514934899,0.3341843247383201,0.071738575440388,0.1756446259892775,0.1519019657901455,0.0800357416390094,4
213,10108,48.96804477342481,8.522421110906071,0.4510742011193356,0.5045134500812422,0.0091091273456002,0.1606850063763891,0.4002550555656768,0.0378939697576972,0.1302605210420841,0.1714337766441974,0.0903625432683549,0
214,10109,44.33552351402325,11.659989984977466,0.7225771126117905,0.4849729269331386,0.008255844268706,0.1937516294429477,0.3999739289128357,0.0389762753106804,0.09346484748414,0.0988963239767098,0.1666811506039802,1
215,10201,44.97655890914662,10.547351878044948,0.7723916041060211,0.4810173127010878,0.0181766543595569,0.27651235444476,0.2526554955978415,0.0541891508094291,0.155239988639591,0.1371201363249077,0.1061062198239136,4
216,10202,46.943426376092205,9.785183096605929,0.707714276000408,0.4830857104001632,0.0147152911068458,0.2426743442098528,0.2797184900831734,0.0600127959053103,0.1356365962891874,0.1503518873960332,0.1168905950095969,3
217,10203,45.54422815753735,9.073582967597348,0.3612494341330919,0.4945224083295609,0.0182752712735579,0.2301541976013706,0.2272986864648772,0.0533028745478774,0.1905577765086617,0.1856082238720731,0.0948029697315819,4
218,10204,48.062299750801,8.952761627906977,0.2702029191883232,0.4788180847276611,0.0080710250201775,0.2058111380145278,0.2429378531073446,0.0460048426150121,0.1702986279257465,0.234866828087167,0.0920096852300242,0
219,10205,45.24355948869224,9.091878425510712,0.5035398230088496,0.4927236971484759,0.0154949121184088,0.2125346901017576,0.2511563367252544,0.0598982423681776,0.1840888066604995,0.163968547641073,0.1128584643848288,4
220,10206,48.01107131227613,8.233706385780119,0.0,0.4861608596548356,0.0108024691358024,0.2314814814814814,0.2214506172839506,0.0640432098765432,0.2260802469135802,0.1674382716049382,0.0787037037037037,0
221,10207,46.86304401278584,8.314462299134734,0.4064420949102532,0.5148758298500123,0.0123456790123456,0.2098765432098765,0.2213707960834397,0.0498084291187739,0.1340996168582375,0.2822477650063857,0.0902511707109408,3
222,10208,42.45425369332654,9.23464123808035,0.6418746816097809,0.5120224146714213,0.0130220553730642,0.2050680431722196,0.249061473486626,0.0517362740497419,0.2049507273580478,0.1947442515251055,0.0814171750351947,7
223,10209,48.016723443790646,8.254898837024056,0.2832146175286466,0.5184267575100651,0.0107797340998922,0.2109234638878907,0.2835070068271649,0.0521020481494789,0.1239669421487603,0.2141573841178584,0.1045634207689543,0
224,10210,47.74561118335501,8.809674728940784,0.3847529258777633,0.4861833550065019,0.0101132686084142,0.2880258899676375,0.2083333333333333,0.0513754045307443,0.1116504854368932,0.2532362459546926,0.0772653721682847,0
225,10301,45.04476249228871,10.861344041573169,0.9142257865515114,0.4683939954760436,0.0124189503983856,0.2115079306200572,0.3169874030001335,0.0490971408222917,0.147098535543125,0.1482410196299538,0.1146490199860527,4
226,10302,46.45920303605313,9.007656508031827,0.2277039848197343,0.5240110932710553,0.0103422802265451,0.1603053435114503,0.3073134695887712,0.0494951982270376,0.1588278749076582,0.2354099975375523,0.0783058360009849,3
227,10303,47.47339390006489,9.153169952051146,0.7012329656067489,0.4831927319922128,0.0088436135676704,0.1474308742863539,0.3868801074666965,0.0476883465800962,0.1211239225344229,0.1892981081383633,0.0987350274263965,3
228,10304,46.91758612925017,9.151036178433438,0.4172483674848007,0.5114839000225174,0.008376545672118,0.1501794974072596,0.3570003988831272,0.0532508974870363,0.1192660550458715,0.2295572397287594,0.0823693657758276,3
229,10305,48.19126916925393,9.052657098525987,0.4935553673910998,0.4976009031893875,0.0080218193486282,0.1429488207925557,0.3462217230867961,0.0465265522220439,0.1326808920263115,0.2108134124819509,0.1127867800417134,0
230,10306,50.23621914102131,7.328183941081372,0.1476158268515387,0.5355089617855935,0.0166877370417193,0.188621997471555,0.2118836915297092,0.0584070796460177,0.1309734513274336,0.3104930467762326,0.0829329962073325,5
231,10307,49.04459424423127,8.713051693885815,0.4402385273528649,0.4919626652838994,0.0114870509607351,0.1581035923141186,0.3270676691729323,0.0530492898913951,0.1136173767752715,0.2418546365914786,0.0948203842940685,0
232,10401,45.13891650099404,9.730206757438223,0.3076540755467197,0.6108349900596421,0.0073089700996677,0.1933554817275747,0.3687707641196013,0.0458471760797342,0.0837209302325581,0.2019933554817276,0.0990033222591362,4
233,10402,45.59170731707317,10.329692154915591,0.697560975609756,0.5346341463414634,0.0141911069063386,0.1967833491012299,0.4115421002838221,0.032166508987701,0.0567644276253547,0.1466414380321665,0.1419110690633869,4
234,10403,45.86404971203395,8.849082780946508,0.3852682631100333,0.5284934828735981,0.0133074577210978,0.1741059051843637,0.2886054893263099,0.0618242306626004,0.1879678403105073,0.1663432215137233,0.1078458552813972,3
235,10404,48.41461595824012,9.43960990247562,0.6010439970171514,0.5197613721103654,0.008871989860583,0.2027883396704689,0.3891001267427122,0.0253485424588086,0.0722433460076045,0.1989860583016476,0.1026615969581749,0
236,11101,43.84944394856826,11.031045791926614,0.8556196173980171,0.493233300364268,0.0124501337074218,0.2536933935382052,0.2961728990399369,0.0477839638770768,0.1183201087194774,0.1685590285388628,0.1030204725790188,1
237,11102,47.94977843426884,8.646084337349398,0.0,0.5819793205317577,0.0239130434782608,0.1630434782608695,0.4695652173913043,0.0347826086956521,0.067391304347826,0.1413043478260869,0.1,0
238,11201,43.51785097316596,10.201179630927353,0.8254635494644708,0.5354140274098814,0.0140703517587939,0.2443327749860413,0.2584031267448353,0.0615298715801228,0.1858179787828029,0.1558905639307649,0.0799553322166387,1
239,11202,43.02915107346858,10.178657556270096,0.5838093362221785,0.6275359464250542,0.0111057460164171,0.1974891356832448,0.3689039111540318,0.0569773056494447,0.1274746499275712,0.1366489618541767,0.1014002897151134,7
240,11203,41.66275051831375,9.70633263743911,0.926744989633725,0.6717346233586731,0.008130081300813,0.2621951219512195,0.3048780487804878,0.0365853658536585,0.1382113821138211,0.1626016260162601,0.0873983739837398,7
241,11301,43.58674837227116,10.027342179332528,0.7885867483722712,0.5515128303332056,0.0086517664023071,0.2573900504686373,0.3085796683489545,0.0353280461427541,0.072819033886085,0.190338860850757,0.1268925739005046,1
242,11302,42.08453608247423,10.478813559322036,0.0,0.6329896907216495,0.0095541401273885,0.2388535031847133,0.4522292993630573,0.0159235668789808,0.0509554140127388,0.1496815286624203,0.0828025477707006,7
243,11303,42.1051282051282,9.865229110512129,0.0,0.5769230769230769,0.0404040404040404,0.3383838383838384,0.1969696969696969,0.0757575757575757,0.0707070707070707,0.1767676767676767,0.101010101010101,7
244,11401,46.51760279494759,10.03231244731666,0.624025799516259,0.5361461972588014,0.0137566137566137,0.317989417989418,0.2582010582010582,0.0455026455026455,0.0973544973544973,0.1756613756613756,0.0915343915343915,3
245,11402,47.87747408105561,9.190962099125365,0.0,0.5424128180961357,0.0082644628099173,0.2156273478587528,0.3486100676183321,0.0518407212622088,0.0841472577009767,0.1705484598046581,0.120961682945154,0
246,12101,45.100981794859145,11.689535117729925,0.9573930632986334,0.4940944299176081,0.0093706969008744,0.3106994044957885,0.2787603497916629,0.0980883063001842,0.1282927090970868,0.0892898656985997,0.0854986677158032,1
247,12102,47.56306306306306,10.054054054054054,0.0,0.7387387387387387,0.009933774834437,0.1887417218543046,0.4437086092715231,0.086092715231788,0.0827814569536423,0.1092715231788079,0.0794701986754966,3
248,12103,41.7109634551495,11.623333333333331,0.0,0.8588039867109635,0.0,0.203125,0.39453125,0.11328125,0.12109375,0.06640625,0.1015625,7
249,12104,44.71310344827586,11.537921348314606,0.0,0.8041379310344827,0.0,0.2131147540983606,0.3893442622950819,0.110655737704918,0.1352459016393442,0.0204918032786885,0.1311475409836065,1
250,12201,38.9798522498321,12.137602179836511,0.8865010073875084,0.6178643384822028,0.0115340253748558,0.2179930795847751,0.4855824682814302,0.0322952710495963,0.0945790080738177,0.0853517877739331,0.0726643598615917,2
251,12202,38.66153846153846,14.884615384615383,0.0,0.9384615384615383,0.0,0.0851063829787234,0.723404255319149,0.0425531914893617,0.0851063829787234,0.0212765957446808,0.0425531914893617,2
252,12301,42.92522132228292,10.546324655436448,0.8687135053682427,0.6012431719721228,0.0079295154185022,0.3352422907488986,0.2559471365638766,0.085022026431718,0.1088105726872246,0.1339207048458149,0.0731277533039647,7
253,12302,43.49952963311383,11.704158790170132,0.0,0.8278457196613358,0.0131578947368421,0.2072368421052631,0.2171052631578947,0.1513157894736842,0.1677631578947368,0.1414473684210526,0.1019736842105263,1
254,12303,42.5187165775401,11.355742296918768,0.0,0.8636363636363636,0.0059523809523809,0.1428571428571428,0.4226190476190476,0.1369047619047619,0.1309523809523809,0.0476190476190476,0.1130952380952381,7
255,12401,45.5379393939394,10.5170362019291,0.8857575757575757,0.5118181818181818,0.0112290227048371,0.300715695952616,0.251604146100691,0.0881046396841066,0.123025666337611,0.1546150049358341,0.070705824284304,4
256,12402,37.86284722222222,13.084880636604774,0.0,0.6692708333333334,0.0067340067340067,0.207070707070707,0.271043771043771,0.1127946127946128,0.1245791245791245,0.207070707070707,0.0707070707070707,2
257,13101,38.91338489680105,13.632273038513867,1.0,0.5114692707658183,0.0226520686668591,0.3958411986349537,0.2550060331490076,0.0527882031579648,0.0426169801683359,0.0931029632755187,0.1379925529473598,2
258,13102,44.31830022793879,10.99803371258592,1.0,0.4816183653533051,0.0193754273991338,0.3129701390471848,0.2342961346836432,0.1149500146536845,0.0974632843791722,0.0971376469438926,0.1238073528932886,1
259,13103,44.631295285359805,9.889811778492788,1.0,0.4888138957816377,0.0296255006399933,0.316899954581114,0.1817168338907469,0.1448449564391593,0.111565299971097,0.1200090837771997,0.0953383707006895,4
260,13104,45.70063428815386,10.794852544648991,1.0,0.4817642155766533,0.0215990048626031,0.3320705642881375,0.207094123412115,0.1232236420520939,0.0902220211843642,0.1125560707150665,0.1132345734856195,4
261,13105,44.934927511401554,10.500720750921891,1.0,0.4814923595303946,0.0197732708626847,0.307591494380918,0.2204875331738802,0.1266996494217096,0.1015694112250581,0.1167556764195144,0.1071229645162347,4
262,13106,43.44777431268646,11.50600284644064,1.0,0.4980096853528054,0.0220909470804999,0.346275120616951,0.2288682900885157,0.1043004216844584,0.0689890969874254,0.1089541465638415,0.1205219769783079,1
263,13107,43.53056172822143,11.958223784553258,0.9990576917667576,0.4796911479283283,0.0193801372445516,0.2766005580272981,0.2375889198904054,0.1022295955558907,0.0805620491164567,0.1137169142598597,0.1699218259055375,1
264,13108,42.32808284744583,12.036749362392769,1.0,0.484714745701605,0.0223029508977756,0.3444897716106363,0.2479528332787422,0.0834350713158443,0.0618169907393621,0.1016585772563499,0.1383438049012893,7
265,13109,45.714432931477454,11.964315036359372,1.0,0.4718653829865326,0.0186656480774127,0.3322638146167558,0.2503183091418385,0.0868347338935574,0.0654698242933537,0.1044308632543926,0.142016806722689,6
266,13110,45.224058688970906,12.064760115055494,0.9996982752571676,0.4695959695187841,0.0187678116094195,0.3642130393480326,0.20985200739963,0.0871831408429578,0.0670841457927103,0.1053759812009399,0.1475238738063096,1
267,13111,45.25292500981547,10.39021932973574,1.0,0.4818217510797016,0.0223301836334462,0.3317659119272597,0.1806248885719379,0.125958281333571,0.1060795150650739,0.1317302549474059,0.101510964521305,4
268,13112,43.01429546577954,9.6311053257117,1.0,0.4855201525268138,0.022393498779199,0.2926095987755548,0.1645894828905652,0.1646077038008818,0.1344338763164607,0.1377865238147297,0.0835793156226085,7
269,13113,46.80033174372797,14.097498414488056,1.0,0.4573363743175064,0.0101504826802952,0.2789785633162975,0.3023140261215218,0.0316049119818285,0.021738358886996,0.1116375638841567,0.243576093128904,6
270,13114,46.12136627604438,15.045596873064357,1.0,0.4499552484232875,0.003505028954587,0.1295043724943146,0.4577345087098211,0.0149637774599676,0.0107260919513281,0.0722868262490328,0.3112793941809486,6
271,13115,43.20375320928509,13.817505435002769,0.9671660358381196,0.4640427728223181,0.0036512341171315,0.0842522272528114,0.5168139331093909,0.0228019570614867,0.0217065868263473,0.0469183584051409,0.3038557032276909,6
272,13116,45.01066659573336,9.893426006371271,1.0,0.4927249029100388,0.0245120169964148,0.3332359580401009,0.1695126809188686,0.1511087504979418,0.1140884344708538,0.1216837073429823,0.0858584517328376,4
273,13117,45.66985314676004,10.575063193757556,1.0,0.4803419031008268,0.0229126800282002,0.3253852351697049,0.1902004230033236,0.1327172927787289,0.0976684459663611,0.1204804109175143,0.1106355121361667,4
274,13118,45.82746459943875,12.41922157469732,1.0,0.4640618448073801,0.0177782705919314,0.3594093622368834,0.21932693906969,0.0797250097022786,0.0573820480124189,0.110846223503539,0.1555321468832584,6
275,13119,43.769570476853936,11.980792985934372,0.9934285146632396,0.4710922548016105,0.0200670516646641,0.3664731987132281,0.2067555521103833,0.1014059532576256,0.0856555947443897,0.0937899693810317,0.1258526801286771,1
276,13120,45.62423616941879,14.518578902106922,1.0,0.4476863513387443,0.0149155983430751,0.3942973623458912,0.2408926437120356,0.0373381141837352,0.0225371252681041,0.1008235506000622,0.1891956055470963,6
277,13121,46.497837953683046,10.563787898674368,1.0,0.482117418655371,0.0312423288924594,0.3807324094530361,0.1688201557653254,0.1263082725223717,0.0790207761487134,0.1126955435049429,0.1011805137131507,4
278,13122,43.9562895144443,11.476018703319443,1.0,0.4764883888855204,0.0175285207150456,0.3242249633944654,0.2049488575913031,0.1031170007689795,0.0749913094774099,0.1177908164877648,0.1573985315650314,1
279,13123,45.13975237091675,15.379317038587487,1.0,0.4543680848261328,0.0086833244727981,0.3023110360571661,0.3150493583930116,0.0215050400808914,0.0135722550583231,0.1075043520863954,0.231374633851414,6
280,13124,43.00812358040143,11.231960973517744,0.9824723033421406,0.4794418949612942,0.0252565507621799,0.3330801036166185,0.1900841885025406,0.13153830825944,0.1072033476138288,0.1030561920892697,0.1097813091561223,7
281,13125,40.951595709679545,11.42658105982535,0.9973942225439232,0.4847338290452063,0.0211433046202036,0.3287508338408886,0.1880274949969546,0.1200730879665883,0.1259752313002117,0.0996113576379825,0.1164186896371704,7
282,13126,44.796472435127896,11.42642076633106,1.0,0.4807461446116908,0.02341694439572,0.3494343097702158,0.2179003683564287,0.1112743378354674,0.0723776530433257,0.1059463252061042,0.1196500613927381,1
283,13127,44.470566816361206,11.091260103019389,1.0,0.4875996277865437,0.025223374421183,0.3563881823517902,0.2154014217700385,0.1039913911171982,0.0754418574316833,0.1058990412835061,0.1176547316246005,1
284,13128,43.52282211307655,10.339724190768052,1.0,0.4869086746187082,0.0253756985722466,0.3173245917178459,0.1762475562313631,0.1440589269140386,0.1230869487944074,0.1181105472066983,0.0957957305633997,1
285,13129,46.05528755962909,11.139817212699196,1.0,0.4762421611191509,0.024114312100767,0.3844693568661655,0.1788307123983479,0.1090274749236807,0.0781919396629127,0.1130294245914676,0.1123367794566583,4
286,13130,44.60744040063696,13.200975087698437,1.0,0.4603055549144954,0.0193325618015898,0.3763304179551879,0.2335843973514959,0.0686030848621677,0.0456089092944278,0.10047619951052,0.1560644292246105,6
287,13131,45.97004075338694,10.034331676693697,1.0,0.4865073245952197,0.0238744884038199,0.3155584554244024,0.1890088380093718,0.1407260217094726,0.1069755026988552,0.1206477252506079,0.1032089685034699,4
288,13132,48.234576811463455,15.22189772046052,1.0,0.4342851128452644,0.001797503104778,0.0732564219883652,0.5118798614288516,0.0065690568010981,0.0041669390156219,0.0588600562128243,0.3434701614484607,6
289,13201,42.68680904462671,11.48468606431853,0.9999785287928888,0.4750576144057485,0.0214391636780497,0.3625148554420874,0.1783389249392636,0.1173763974632689,0.1017479465309256,0.0959372337852192,0.1226454781611854,7
290,13202,44.46156562090184,11.645473969461673,0.4349339251487945,0.5044386159588419,0.0118692029555101,0.281952523188178,0.2840748310014149,0.0805690929099198,0.0667347901273384,0.1182204055966043,0.1565791542210344,1
291,13203,44.91333052395,11.524212986633556,0.6041578873437281,0.5476190476190477,0.0204773869346733,0.3615577889447236,0.2031407035175879,0.096859296482412,0.0714824120603015,0.1283919597989949,0.1180904522613065,1
292,13301,41.3733335972526,11.490758834066114,0.8110074128324145,0.5094664542116567,0.0082623344850526,0.1709981329270124,0.3883297207974762,0.0646178938558276,0.0857351331630791,0.075584265081443,0.2064725196901088,7
293,13302,40.82833718015888,11.180301688468184,0.7825575961824387,0.5009982866286232,0.0158289364065537,0.2566301027492363,0.2537142460427659,0.1117397945015273,0.1389197445154124,0.0955290197167453,0.1276381560677589,7
294,13303,43.72875339319273,10.574277603901304,0.6691028050393263,0.5193847010510197,0.0161721276894951,0.2784418506539164,0.2448319504992265,0.0904232878638728,0.1361271269863591,0.1078610603290676,0.1261425959780621,1
295,13401,42.792062599697424,10.885871080880513,0.9826177972182992,0.4839272900126607,0.0171573146497859,0.3067318132464712,0.2399975416384979,0.1158605289574498,0.1129207383279044,0.1025136746358552,0.1048183885440354,7
296,13402,42.948686388523406,11.06098428225186,0.8581554263401384,0.4855198562596381,0.0129899726526891,0.2658766332421756,0.2946166312164489,0.0807505317532664,0.1326091360275499,0.096449913906614,0.1167071812012559,7
297,13403,43.84230525649145,11.387366818873668,0.4530293434663289,0.4979417352754908,0.0109482102056359,0.2461919268849962,0.3423457730388423,0.0659748667174409,0.0717821782178217,0.1015803503427265,0.1611766945925361,1
298,13404,43.81452622531158,10.404248762543094,0.6367696246052656,0.4996169441485883,0.0100498715429953,0.2652259332023575,0.3184600272026598,0.0793033096569442,0.1213540879552667,0.1019721928366329,0.1036345776031434,1
299,13501,44.74205050395578,10.347402160756712,0.6793432318196597,0.4923051912864419,0.0143969156438349,0.2590956784851516,0.2986993972816671,0.0689099826748981,0.106171152485298,0.1173714648251628,0.1353554086039872,4
300,13502,44.21752085816448,9.877142857142855,0.4380214541120381,0.5542312276519666,0.0125151392813887,0.2567622123536536,0.1885345175615664,0.0609608397254743,0.1421073879693177,0.2099313685910375,0.1291885345175615,4
301,13503,45.23484724718183,10.667553640817706,0.6213853945433753,0.493669335075968,0.0125009301287298,0.288339906243024,0.2726393332837264,0.0745591189820671,0.0921199494009971,0.1235955056179775,0.1362452563434779,4
302,13504,45.064516129032256,9.815412547912045,0.4809384164222874,0.5029325513196481,0.0085594609360772,0.2746312147149881,0.2700783099617556,0.076488799854307,0.0883263522127117,0.1376798397377527,0.1442360225824075,4
303,13505,47.072604995882514,8.986517498565691,0.0,0.5382926159758441,0.0095291479820627,0.1880605381165919,0.3733183856502242,0.054652466367713,0.0874439461883408,0.1516255605381166,0.1353699551569506,3
304,13601,43.82028748180495,11.174155314113197,0.8012372634643377,0.4898835516739447,0.0148143377024894,0.2672377701201249,0.2611510096293195,0.0961643747383337,0.1226369521110431,0.1181282406363724,0.1198673150623168,1
305,13602,43.885383766505576,10.227769778573377,0.8323376079759504,0.4917614825526085,0.0153026779686445,0.2697472057610082,0.234791088440477,0.09669192108619,0.1417748105918535,0.1323231565523966,0.1093691395994299,1
306,13603,44.255675838219815,10.41574596306884,0.740114268531048,0.4950007517666516,0.0144885329450309,0.2523480160174736,0.2648707681106662,0.0995267564615944,0.109574080815435,0.1330178376410629,0.1261740080087368,1
307,13604,42.86668251464137,10.92106252626457,0.8801893112614267,0.4902426901216692,0.0168793409788402,0.2873929898239379,0.2090938459053464,0.1261104829591342,0.1424244871587788,0.1060814084962041,0.112017444677758,7
308,13605,43.89552419232978,11.23248833592535,0.92107649067666,0.4781649490767324,0.0161835030935076,0.2941128792586389,0.2078729095182773,0.1152027665955204,0.1378704779401831,0.1145003107016453,0.114257152892227,1
309,14101,43.69129852535854,11.784867383455156,0.9310562294648002,0.4773976548996403,0.0154439052240936,0.3014273479874393,0.2790179845846417,0.0607622038252926,0.1153439908649728,0.1222095346845561,0.1057950328290037,1
310,14102,48.22056303549572,9.1802738336714,0.652876376988984,0.4940024479804161,0.0097044552271724,0.254962505513895,0.2452580502867225,0.059108954565505,0.1367445963828848,0.2289369210410233,0.0652845169827966,0
311,14103,46.81569136002594,9.539216508682156,0.6834981358404928,0.4814394553412222,0.011722272317403,0.2123534715960324,0.3474601743312293,0.0464382326420198,0.1502855425308085,0.1474301172227231,0.0843101893597835,3
312,14104,46.41672359611969,9.200253485424588,0.4894794370815685,0.4931684656373821,0.00786782061369,0.1935483870967742,0.3739837398373983,0.051927616050354,0.1430632048255966,0.1380802517702596,0.091528979805927,3
313,14105,46.90121120363361,9.397783494953494,0.5878122634367903,0.4950794852384557,0.0086826347305389,0.1434131736526946,0.3868263473053892,0.0559880239520958,0.1937125748502994,0.1266467065868263,0.0847305389221557,3
314,14106,45.56831063912959,9.432968214501711,0.4559254674571633,0.4937780962929181,0.0092485549132947,0.195247270391779,0.3013487475915221,0.0502247912652536,0.2007707129094412,0.1574823378291586,0.0856775850995504,4
315,14107,46.80105340356024,9.27596114379532,0.6149076605107007,0.493366224414961,0.0112078216287111,0.1702635030404197,0.3974007392392989,0.039704304280434,0.1461786097531894,0.1396208417789436,0.0956241802790032,3
316,14108,46.5267157538292,9.005606166783462,0.4326495255345119,0.4934834823010592,0.0125631876300921,0.176033303597978,0.3642581028843294,0.0666071959559916,0.1364852809991079,0.1452572108236693,0.0987957181088314,3
317,14201,47.093577530143776,9.731892246564357,0.6981755545400218,0.481843428129504,0.0101646295834372,0.1735470192067847,0.3712895984035919,0.0475804440009977,0.1379396358194063,0.1447368421052631,0.1147418308805188,3
318,14202,46.41193527265925,8.950821265429099,0.5547656907679357,0.4929379852212141,0.0113549179070124,0.154672395273899,0.430105876937241,0.0374405401258247,0.1236765382844867,0.1365659045573116,0.1061838269142243,3
319,14203,48.38753351206434,8.327083333333333,0.2289544235924933,0.5069705093833781,0.0118632240055826,0.1635264014887183,0.4047452896022331,0.0437311002558734,0.1132821586415445,0.1523610141893463,0.1104908118167015,0
320,14204,47.83436325678497,9.147442022062016,0.5346137787056368,0.4901043841336117,0.0113636363636363,0.1595454545454545,0.4002272727272727,0.0441666666666666,0.1267424242424242,0.1534090909090909,0.1045454545454545,0
321,15101,43.83469754932362,11.499308252735258,0.925251607277729,0.4882992637532007,0.0117102932493603,0.1815956504625074,0.2960785278488486,0.0557961031293052,0.2833349734304271,0.0974340680968313,0.0740503837827199,1
322,15102,48.02427184466019,10.16385302879841,0.0,0.5854368932038835,0.0057197330791229,0.105815061963775,0.2402287893231649,0.0505243088655862,0.3574833174451859,0.1858913250714966,0.0543374642516682,0
323,15201,38.2472049689441,10.611416490486258,0.7747412008281573,0.7594202898550725,0.0102459016393442,0.0917008196721311,0.3370901639344262,0.0450819672131147,0.3319672131147541,0.1372950819672131,0.0466188524590164,2
324,15202,45.36944937833037,8.47069597069597,0.0,0.6305506216696269,0.0100200400801603,0.0480961923847695,0.280561122244489,0.0521042084168336,0.4789579158316633,0.0781563126252505,0.0521042084168336,3
325,16101,45.29577364254767,11.357373669435022,0.912253652826256,0.4612661227578035,0.0098418031639367,0.2064118717625647,0.3400531989360212,0.0547949041019179,0.1308833823323533,0.1261234775304494,0.1318913621727565,1
326,16102,47.19245144292629,9.412609238451935,0.6229397708473745,0.4761963115005208,0.0092495024001873,0.1481091207118604,0.3565156304882332,0.0536236974593139,0.1129844280529212,0.1704718417047184,0.1490457791827655,3
327,16103,43.863541156023,10.729690346083787,0.8803868265074201,0.4592896296626409,0.0091048408906517,0.1707383034345984,0.3330027945551248,0.0741007842783737,0.1557739114757054,0.1393671684846299,0.1179121968809158,1
328,16104,48.23898690334452,8.437680195165225,0.3931161381101851,0.4892304361943933,0.0049000392003136,0.1111328890631125,0.4568796550372403,0.0409643277146217,0.0774206193649549,0.1814974519796158,0.1272050176401411,0
329,16105,47.04110659581119,8.804248623131393,0.489371678649578,0.4884338855892466,0.0059400059400059,0.1259281259281259,0.4051084051084051,0.051084051084051,0.1158301158301158,0.1704781704781705,0.1256311256311256,3
330,16106,47.471677947987175,9.273331691701552,0.5001781261132882,0.4887780548628428,0.0066367362873316,0.1128245168846379,0.5125902791333203,0.0499707202810853,0.0870583642397033,0.0892055436267811,0.1417138395471403,3
331,16107,48.906254577413215,9.080012054546824,0.5750695766808261,0.4886480152336311,0.0107543168736746,0.127082702211451,0.3754922750681612,0.0636170857315964,0.1469251741896395,0.1508633747349288,0.1252650711905483,0
332,16108,47.90837104072399,8.584128289473684,0.4158855850032321,0.487879767291532,0.0096737170027873,0.1196917527463518,0.4105591080505,0.0637809476963436,0.1014920478767011,0.1485489424495819,0.146253484177734,0
333,16109,47.66226040978189,9.65616088848867,0.7359183373724022,0.4998164059631343,0.0103719069491776,0.1749888872425544,0.2859682915987553,0.057489998518299,0.2001778041191287,0.1700992739665135,0.1009038376055712,3
334,16201,48.35966573816156,9.126882701962574,0.7984401114206128,0.4872423398328691,0.0085385226370135,0.1505162827640984,0.2694598888006354,0.0484511517077045,0.1179507545671167,0.2654884829229547,0.1395949166004765,0
335,16202,50.862144420131294,8.369362745098039,0.2771699489423778,0.5076586433260394,0.0090479937057435,0.1809598741148702,0.3166797797010228,0.048780487804878,0.1046420141620771,0.1770259638080251,0.1628638867033831,5
336,16203,47.7325848221603,9.267260953662436,0.7063596131781675,0.4862317652843796,0.006594566077552,0.1420469533104721,0.3575573727248747,0.0534159852281719,0.1500923239250857,0.1868900026378264,0.1034027960960168,0
337,16204,50.46587030716724,7.986377396569122,0.2786445636274988,0.4904924427108727,0.0062292358803986,0.1050664451827242,0.3421926910299003,0.0436046511627907,0.0793189368770764,0.2886212624584717,0.1349667774086378,5
338,16205,49.86194225721785,8.275843307943417,0.3590551181102362,0.4981627296587926,0.0086239220097487,0.1154855643044619,0.4004499437570303,0.0434945631796025,0.077615298087739,0.2152230971128609,0.1391076115485564,5
339,16206,50.9366836395838,8.76701451905626,0.269647996457826,0.4870489262785034,0.006985294117647,0.1308823529411764,0.3643382352941176,0.0529411764705882,0.1400735294117647,0.1867647058823529,0.1180147058823529,5
340,16207,49.14214285714286,8.205975998040657,0.3107142857142857,0.4907142857142857,0.0075614366729678,0.1504725897920605,0.3421550094517958,0.044234404536862,0.1277882797731569,0.210586011342155,0.1172022684310018,0
341,16301,47.10697005037096,9.480995567330718,0.6198605493660206,0.470931242400933,0.0082763584023029,0.1612090680100755,0.4068267105330797,0.0484758134992032,0.1206497712435099,0.1306739320413303,0.1238883462704981,3
342,16302,45.25544020762627,8.825409794209262,0.3295567977640247,0.4963066480335396,0.0090937597993101,0.1070345980976272,0.4646179575624543,0.0485000522629873,0.1042123967805999,0.1390195463572698,0.1275216891397512,4
343,16303,50.24813239857488,8.13329348475792,0.103206527985289,0.5009768992069877,0.0075642965204236,0.1147611843527123,0.4322455154527772,0.0650529500756429,0.1119515885022692,0.1365895828830776,0.131834882213097,5
344,16304,48.06948188080264,8.798041615667074,0.3953279424977538,0.5079365079365079,0.0061108686163247,0.1719773024879965,0.3513749454386731,0.0423395896988214,0.1226538629419467,0.1711043212570929,0.1344391095591444,0
345,16305,47.846931894807824,8.846518621327782,0.4115531580130366,0.4922454484153742,0.0088329261417026,0.1475286600263108,0.3474910731065589,0.0757376433001315,0.1298628077429054,0.1702687464762262,0.1202781432061642,0
