,COMUNA,P09,esc_rec,urban,hom,Comuna,Artés,Boric,Kast,MEO,Parisi,Provoste,Sichel,Código Comuna 2018
0,1101,43.077208912481666,12.206610978178327,0.9868966962352448,0.4896137458964867,IQUIQUE,0.013232462919276553,0.21097372488408037,0.3269204696439708,0.06354564928550123,0.21424116705984436,0.08186230646167196,0.08922421974565471,1101
1,1107,39.236018006215765,10.566224638833857,0.9656181623068025,0.49402812425961284,ALTO HOSPICIO,0.010811477431554715,0.13084765271725726,0.24089451615555374,0.07037737400312423,0.40631423168626163,0.09093151360684042,0.04982323439940804,1107
2,1401,41.17966695880806,10.756886119389506,0.5960560911481156,0.5994741454864154,POZO ALMONTE,0.01141732283464567,0.10708661417322834,0.24803149606299213,0.05433070866141732,0.4033464566929134,0.13070866141732285,0.04507874015748031,1401
3,1402,47.606521739130436,8.372502937720329,0.0,0.5380434782608695,CAMIÑA,0.0034522439585730723,0.06904487917146145,0.44188722669735325,0.018411967779056387,0.37744533947065595,0.05408515535097814,0.03567318757192175,1402
4,1403,43.29036827195468,8.653281853281854,0.0,0.5856940509915014,COLCHANE,0.004415011037527594,0.018763796909492272,0.4624724061810154,0.005518763796909493,0.47792494481236203,0.019867549668874173,0.011037527593818985,1403
5,1404,46.6258637709773,9.011046817464493,0.3904244817374136,0.5577492596248766,HUARA,0.0071090047393364926,0.1226303317535545,0.2837677725118483,0.0462085308056872,0.39514218009478674,0.09300947867298578,0.052132701421800945,1404
6,1405,42.38053767512306,12.216381896439286,0.35176069670579324,0.737094534898397,PICA,0.01063410791650256,0.15872390705001968,0.2985427333595904,0.03938558487593541,0.29263489562820005,0.12012603387160299,0.07995273729814888,1405
7,2101,41.730220795426355,12.015258144058322,0.9720701006039197,0.49966490045136613,ANTOFAGASTA,0.013363629676248703,0.23009963464572078,0.22283341643031704,0.07249871267787522,0.29676248702461033,0.08290354483559058,0.08153857470963734,2101
8,2102,41.12986512524085,11.091784532049353,0.959344894026975,0.6209055876685935,MEJILLONES,0.013457556935817806,0.19332298136645962,0.1524327122153209,0.06987577639751552,0.42857142857142855,0.09057971014492754,0.051759834368530024,2102
9,2103,39.182188710006116,13.140594466728375,0.0,0.8624414102302833,SIERRA GORDA,0.0078125,0.159375,0.20625,0.0953125,0.365625,0.1234375,0.0421875,2103
10,2104,44.29523522316043,10.551811023622047,0.7968435866505831,0.5768998793727382,TALTAL,0.01557285873192436,0.23665183537263626,0.20022246941045607,0.07591768631813126,0.25194660734149055,0.16740823136818686,0.05228031145717464,2104
11,2201,41.757920416707876,11.69768243301456,0.9464279827250849,0.5225826657435796,CALAMA,0.01038104543234001,0.15674506246074393,0.20392211598855467,0.06821829855537721,0.41241538139437506,0.08570032800614139,0.06261776816246772,2201
12,2202,42.129411764705885,10.33469387755102,0.0,0.6588235294117647,OLLAGUE,0.008130081300813009,0.07859078590785908,0.14363143631436315,0.07317073170731707,0.5962059620596206,0.06775067750677506,0.032520325203252036,2202
13,2203,40.57431749241658,11.875044039929536,0.47578923716436355,0.5739804516346478,SAN PEDRO DE ATACAMA,0.020351526364477335,0.26179463459759483,0.1396854764107308,0.06629663891458526,0.3401171754548258,0.11409189022510022,0.05766265803268578,2203
14,2301,44.98225905122073,10.675523491113848,0.9740281408153051,0.48962794060397086,TOCOPILLA,0.012670447689151683,0.18197176300229276,0.1434777362133462,0.07855677567274044,0.4155906842041752,0.1101725594304332,0.0575600337878605,2301
15,2302,41.60917782026769,11.83556072051133,0.7158699808795411,0.6640535372848948,MARIA ELENA,0.018743109151047408,0.14608599779492834,0.11686879823594266,0.06504961411245866,0.5314222712238148,0.08158765159867695,0.0402425578831312,2302
16,3101,42.93258618370915,11.584999636442959,0.9801945577621375,0.4927690859371498,COPIAPO,0.013772380117691248,0.2104491226815003,0.21177270206943427,0.05736106887978679,0.2433776315083439,0.18562306605376594,0.07764402868947755,3101
17,3102,44.574117100371744,10.852767676767677,0.8806536555142503,0.5173482032218092,CALDERA,0.014577259475218658,0.2104678606136332,0.1753436068304873,0.06358461752047757,0.24170484520338748,0.23323615160349853,0.06108565875329724,3102
18,3103,42.72800937225422,9.959110758237395,0.6751928146050962,0.5706336034364932,TIERRA AMARILLA,0.00898921294446664,0.16959648421893728,0.1472233320015981,0.055733120255693165,0.3228126248501798,0.23212145425489414,0.06352377147423093,3103
19,3201,45.155101102941174,10.485740783677254,0.9010799632352942,0.5102251838235294,CHAÑARAL,0.010474430067775724,0.21626617375231053,0.14417744916820702,0.054015198192647364,0.2565208461696447,0.2614499897309509,0.05709591291846375,3201
20,3202,43.7379475895179,11.442169285352255,0.9494898979795959,0.5453090618123625,DIEGO DE ALMAGRO,0.015773552290406223,0.23444252376836647,0.12121866897147796,0.052722558340535866,0.32108902333621436,0.21326707000864303,0.04148660328435609,3202
21,3301,46.00987948616077,10.508054421768707,0.8858164481525626,0.48102238114157064,VALLENAR,0.008687403265265365,0.14094562883818462,0.1400968595536472,0.026261920215687254,0.19656498077787207,0.43202356582954715,0.055419641519796295,3301
22,3302,48.529196188614705,9.073145780051151,0.0,0.5631566088443685,ALTO DEL CARMEN,0.005684754521963824,0.1343669250645995,0.13695090439276486,0.028940568475452195,0.18863049095607234,0.4604651162790698,0.04496124031007752,3302
23,3303,46.5143470622682,9.474935090872778,0.6340035135662697,0.5040015615850088,FREIRINA,0.00834597875569044,0.16122913505311076,0.11570561456752655,0.026176024279210924,0.19423368740515934,0.44309559939301973,0.051213960546282244,3303
24,3304,46.36601307189542,10.591409691629956,0.8671468587434974,0.5130052020808323,HUASCO,0.01500646830530401,0.16584734799482537,0.13919793014230272,0.0499353169469599,0.240620957309185,0.3386804657179819,0.050711513583441135,3304
25,4101,43.88649738647302,11.954647077610987,0.905803370170458,0.46761419711720054,LA SERENA,0.01466798333293191,0.27839061634432427,0.24443026084443267,0.06701751005563718,0.16574339459042847,0.10891399118475878,0.1208362436474867,4101
26,4102,44.08362193665332,11.355147813400265,0.9419532192524924,0.47282527144717806,COQUIMBO,0.01461232880517821,0.26316081895713533,0.22012945523238048,0.08052059893880045,0.2077256438036503,0.10999527738422646,0.10385587687862878,4102
27,4103,46.69297708052457,9.672924901185771,0.9012133839931364,0.4938105159946072,ANDACOLLO,0.013943355119825708,0.25729847494553376,0.1440087145969499,0.08888888888888889,0.2553376906318083,0.17363834422657953,0.06688453159041394,4103
28,4104,47.34180064308681,8.337413165729409,0.2733118971061093,0.5302250803858521,LA HIGUERA,0.01726121979286536,0.26409666283084005,0.1852704257767549,0.0667433831990794,0.2336018411967779,0.17031070195627157,0.06271576524741082,4104
29,4105,47.654310344827586,10.364912280701754,0.0,0.49942528735632186,PAIHUANO,0.01772879731672257,0.2759942501197892,0.2338284619070436,0.06995687589841879,0.1327264015333014,0.13847628174413032,0.13128893148059415,4105
30,4106,45.87735065696283,9.94460626757734,0.5965906315635227,0.4927465442289845,VICUÑA,0.013592020168804122,0.2471774635536556,0.19127479995615476,0.058862216376192045,0.18327304614710074,0.2157185136468267,0.09010194015126603,4106
31,4201,47.48316102409371,9.751854867897213,0.6728490926032746,0.4692283799973377,ILLAPEL,0.012607160867372668,0.26441418725836274,0.16414523449319213,0.06269961338040007,0.23012270969910908,0.1768364430996806,0.08917465120188267,4201
32,4202,51.01772401181601,7.842622950819672,0.20776480517653678,0.5042903361935575,CANELA,0.012016718913270637,0.30329153605015674,0.1731974921630094,0.03500522466039707,0.17737722048066876,0.2223092998955068,0.0768025078369906,4202
33,4203,46.37172546823471,9.946124457683093,0.7917366685333831,0.5137203658764233,LOS VILOS,0.01908639776052933,0.2725537600203588,0.18208423463544982,0.08385290749459219,0.17114136658607965,0.16935996946176357,0.10192136404122662,4203
34,4204,46.21734279466238,9.97602127366925,0.5540232962913375,0.5413933145891909,SALAMANCA,0.014358452138492872,0.2170061099796334,0.2053971486761711,0.058757637474541755,0.25580448065173117,0.16395112016293278,0.08472505091649694,4204
35,4301,45.52551535600818,10.238008646998983,0.7801147698445927,0.47273600472871463,OVALLE,0.011422976501305483,0.238223455178416,0.2106451261966928,0.07520126196692777,0.21151544821583987,0.15151762402088773,0.10147410791993038,4301
36,4302,50.5047142582259,8.77214562047416,0.4292861266115066,0.496825091398884,COMBARBALA,0.013510788465416415,0.24440411373260737,0.17846339987900786,0.04254890098810244,0.18894938495664448,0.25610002016535593,0.07602339181286549,4302
37,4303,46.58812829954306,8.699581170900483,0.48280910341156114,0.48981855285923426,MONTE PATRIA,0.018398806563898557,0.1961213326703133,0.18856290402784684,0.07439085032322228,0.2608652411735455,0.18269517652909,0.07896568871208354,4303
38,4304,47.68355065195587,8.841644908616187,0.5062688064192578,0.4926028084252758,PUNITAQUI,0.007667573583972298,0.20257234726688103,0.16868661884739056,0.06480336383873361,0.3076923076923077,0.17536482809794707,0.07321296067276775,4304
39,4305,50.743263251406574,8.160374509211719,0.0,0.5022209061297009,RIO HURTADO,0.011409013120365089,0.1865373645179692,0.20821448944666288,0.07073588134626355,0.18596691386195094,0.22589845978322876,0.11123787792355962,4305
40,5101,44.755771373985034,11.756107833010448,0.997478452819959,0.4822695645812984,VALPARAISO,0.025470482480845054,0.3524972801135794,0.23521423445806744,0.08790055632286788,0.1042198748466447,0.09977546469548847,0.09492210708250708,5101
41,5102,45.343006098760576,10.518272929742864,0.6611745032461145,0.4945898091678143,CASABLANCA,0.013955637707948243,0.2634011090573013,0.3077634011090573,0.0709796672828096,0.0999075785582255,0.11589648798521257,0.12809611829944548,5102
42,5103,45.04479290310489,12.75934788157223,0.9358718060848379,0.4729180983319798,CONCON,0.008955585138569528,0.20573641534551615,0.3774658114486264,0.0504659324700472,0.08584452781475654,0.0818508209286377,0.18968090685384648,5103
43,5104,44.30965909090909,11.806916426512968,0.0,0.5553977272727273,JUAN FERNANDEZ,0.015772870662460567,0.45425867507886436,0.19242902208201892,0.0694006309148265,0.01892744479495268,0.1167192429022082,0.13249211356466878,5104
44,5105,46.99179342058719,10.710621912234815,0.8554651574106827,0.49961089494163424,PUCHUNCAVI,0.014352431939856476,0.2641530926073585,0.21870372479781297,0.09032919466909671,0.15457341382845427,0.10331472832896685,0.15457341382845427,5105
45,5107,46.0439073346157,11.023338078598853,0.8433971732039809,0.4901313038387555,QUINTERO,0.015196078431372549,0.25212418300653594,0.24485294117647058,0.10465686274509804,0.1869281045751634,0.0951797385620915,0.10106209150326798,5107
46,5109,45.37053141002795,12.365867721264278,1.0,0.466110183639399,VIÑA DEL MAR,0.015394895095549914,0.27915274622477615,0.31561539489509555,0.06662434852331953,0.09269677936656422,0.09057196311639716,0.13994387277829748,5109
47,5201,41.2185191547844,12.703783783783784,0.9486342552825975,0.48634255282597494,ISLA DE PASCUA,0.014167242570836213,0.33586731167933653,0.20076019350380098,0.11161022805805114,0.10746371803731859,0.1216309606081548,0.10850034554250172,5201
48,5301,45.23969970683781,11.426083376222337,0.9068021551382617,0.49762300927026387,LOS ANDES,0.011333585190782017,0.24645396160318714,0.24535494728165677,0.07789264003846551,0.18439399663426864,0.11127520005495072,0.12329566919668922,5301
49,5302,45.07876049063912,10.555587392550143,0.7137323618924651,0.4881490362445818,CALLE LARGA,0.014442152039358832,0.2069512775749881,0.21663228059038248,0.09839707982859863,0.19727027455959373,0.14950007935248374,0.11680685605459451,5302
50,5303,45.02075471698113,10.50665386198381,0.7831536388140161,0.4929919137466307,RINCONADA,0.01219276175730598,0.21230888329785175,0.2738532997871105,0.07257596284110703,0.16702148248500095,0.1374104896458293,0.12463712018579447,5303
51,5304,45.72714224199799,10.492530690726223,0.5863355820295679,0.48636428879001004,SAN ESTEBAN,0.011248185776487663,0.20875665215287856,0.2196419932268989,0.07184325108853411,0.21686018384131592,0.14997581035316884,0.12167392356071602,5304
52,5401,46.98034959014859,10.048694316436253,0.726840588389415,0.4853089793015683,LA LIGUA,0.013175139684072567,0.2917155273504863,0.21832103193764227,0.07442919224667173,0.1556873835966062,0.13078567979581981,0.1158860453887011,5401
53,5402,46.4195661360755,9.519212609864168,0.6235385265530357,0.48182842653894914,CABILDO,0.012873326467559218,0.298918640576725,0.18498970133882595,0.08753861997940268,0.16838311019567456,0.16194644696189495,0.08535015447991762,5402
54,5403,44.571341833636914,10.528141225337487,0.8374822910342036,0.5266140457397288,PAPUDO,0.009405255878284923,0.24038727524204703,0.2500691562932227,0.05394190871369295,0.12669432918395573,0.13748271092669434,0.18201936376210234,5403
55,5404,47.71413390010627,9.328968903436989,0.41392136025504783,0.4910998937300744,PETORCA,0.013206162876008804,0.28735632183908044,0.16409880166299828,0.09146490584494986,0.18146246025923207,0.17412570310589387,0.08828564441183663,5404
56,5405,47.312489082969435,10.649308673011312,0.6782532751091703,0.5065502183406113,ZAPALLAR,0.007011070110701107,0.19723247232472324,0.33782287822878226,0.0496309963099631,0.07933579335793357,0.08708487084870849,0.2418819188191882,5405
57,5501,45.88672268907563,11.03051853177088,0.8642455242966752,0.47298502009499455,QUILLOTA,0.015495159476729836,0.25376408962509944,0.27233085593615447,0.08252200861146916,0.15571949647587965,0.09637166442695334,0.12379672544771413,5501
58,5502,45.84532326618971,10.425018209285387,0.9628554080097151,0.47390374613902164,CALERA,0.012899004533345797,0.26204608122634016,0.18750292097022947,0.11412814880590737,0.23213534607655278,0.09473290648221713,0.0965555919054073,5502
59,5503,45.40035600385671,9.52741947650298,0.6502262107839502,0.49810872951123636,HIJUELAS,0.008064516129032258,0.19874248223072719,0.235784581738655,0.08802624384909787,0.25888463641334064,0.10415527610716238,0.10634226353198468,5503
60,5504,44.040261763789346,11.758296846246589,0.8751012776565908,0.470364599563727,LA CRUZ,0.010890873448050533,0.23132215203659334,0.2874101502940536,0.07035504247440645,0.17599651492049662,0.08799825746024831,0.13602700936615117,5504
61,5506,46.1961153262519,9.843529847979235,0.8456449165402125,0.4800606980273141,NOGALES,0.01403584538976463,0.2510256963938674,0.16206003023105162,0.0970632692722954,0.25782768300583025,0.11811703735694234,0.09987043835024832,5506
62,5601,46.09589180542427,10.76962124170246,0.9469933832618338,0.48331273176761436,SAN ANTONIO,0.02682586447511242,0.3079547216622732,0.18051894350545306,0.1114384659120277,0.15284023362795265,0.1311572853672404,0.08926448544994056,5601
63,5602,49.611528592375365,11.44288710907704,0.7878482404692082,0.4835043988269795,ALGARROBO,0.011037527593818985,0.2425803286730439,0.3528329654157469,0.05788570026980623,0.06965906303654648,0.100196222712779,0.16580819229825852,5602
64,5603,48.35925088421175,10.190963600024226,0.9123325795790572,0.4923754855916971,CARTAGENA,0.018102658111824016,0.2506874427131072,0.26592575618698444,0.11915673693858846,0.10048120989917507,0.13439505041246563,0.11125114573785518,5603
65,5604,50.608984093997286,10.936139578216313,0.9334985213012549,0.48677164095595876,EL QUISCO,0.015844390055390956,0.30993172742496455,0.2611103954656705,0.08720855339430633,0.08926961226330027,0.1049851861393791,0.13165013525698827,5604
66,5605,50.67805294619983,10.781281082156356,0.9528418256001518,0.4967264446342158,EL TABO,0.019889970376639865,0.3137254901960784,0.252644942869234,0.1070672873465933,0.0754690365354775,0.1184934405416843,0.11270983213429256,5605
67,5606,47.387727825030375,11.224677948977014,0.5623329283110571,0.49611178614823814,SANTO DOMINGO,0.007839956745066235,0.17315490673154907,0.40551500405515006,0.05339280886726142,0.06799134901324683,0.11192214111922141,0.180183833468505,5606
68,5701,45.0076068286185,11.119208285219399,0.9048971150138465,0.4765660602236478,SAN FELIPE,0.014404826464208244,0.26067651843817785,0.2556263557483731,0.07456616052060737,0.17329853579175705,0.11117136659436008,0.11025623644251627,5701
69,5702,46.218484182356875,9.377955082742316,0.5529962725795661,0.4950778935295804,CATEMU,0.009151090342679127,0.23753894080996885,0.1927570093457944,0.09404205607476636,0.2223520249221184,0.12908878504672897,0.11507009345794393,5702
70,5703,45.84846330526086,9.99441690879052,0.7295198512523242,0.4890079842502461,LLAILLAY,0.0165071302988865,0.2832584489158039,0.16487595233444033,0.09513576870482517,0.20121117405743308,0.1407501465129908,0.09826137917562024,5703
71,5704,45.74828417733259,9.762236445783133,0.5405305138193285,0.5025041736227045,PANQUEHUE,0.008557457212713936,0.21821515892420537,0.2658924205378973,0.06998777506112469,0.21729828850855745,0.11888753056234719,0.10116136919315404,5704
72,5705,47.34639646743416,9.840685879890517,0.4045891815171109,0.49258791988645323,PUTAENDO,0.018458197611292075,0.2802854040639057,0.21436326973786257,0.08313944470296261,0.14642469365596403,0.1599193423297658,0.09740964789824724,5705
73,5706,45.87104131941398,9.888271162123386,0.6404947802438811,0.4894288972716905,SANTA MARIA,0.009951087873165796,0.19379321976724573,0.22651374599426546,0.07572946533985495,0.19244391971664698,0.17169843143869118,0.12987012987012986,5706
74,5801,46.50752541796061,12.080599244354627,0.9855787637724933,0.46133492151274086,QUILPUE,0.015312081588468222,0.2952739082129732,0.2829672677548927,0.0799789191806968,0.11744010483434464,0.08779876363843546,0.12122895479018887,5801
75,5802,46.28845268247755,10.99323659982719,0.8507080359198711,0.47642758461892704,LIMACHE,0.014495004400269193,0.2714189573950406,0.29688875084122796,0.06703939535124502,0.1322669151524564,0.09271626028886473,0.1251747165708961,5802
76,5803,47.49028478196381,10.539996940960538,0.6987540789083359,0.4870958172649066,OLMUE,0.012843336724313327,0.24478636826042727,0.3336724313326551,0.07133774160732452,0.11355544252288911,0.09664292980671414,0.1271617497456765,5803
77,5804,45.76032660400832,11.94786440241863,0.9900262412311424,0.4606224712757838,VILLA ALEMANA,0.016653310138582123,0.2804675436367546,0.2998964054651004,0.07720724770821524,0.1279294775317136,0.08537753366822384,0.11246848185141026,5804
78,6101,44.74804004074944,11.265943012211668,0.9664703016344067,0.478866767063826,RANCAGUA,0.012095964135043404,0.27170453704389014,0.24034384681265,0.08376243695613099,0.17100352094060925,0.09540374509658797,0.12568594901508823,6101
79,6102,45.05351618890493,9.707614640302904,0.5336151783872963,0.5032996494122499,CODEGUA,0.010922787193973634,0.24990583804143127,0.22128060263653485,0.09830508474576272,0.18983050847457628,0.12090395480225989,0.1088512241054614,6102
80,6103,47.25984391628237,9.775193798449612,0.4680737850301525,0.5097552323518978,COINCO,0.007337205747477835,0.23509630082543564,0.28920819321308466,0.08896361968816875,0.12901253439315194,0.10516661571384897,0.14521553041883217,6103
81,6104,46.02781384541789,9.273280201342281,0.5588737784459783,0.49962413722408255,COLTAUCO,0.010396178701882551,0.2143860635009834,0.2641191345883675,0.0817645406012925,0.1600168586681652,0.13683618994099467,0.13248103399831412,6104
82,6105,45.44521345407503,10.212165579661919,0.779430789133247,0.49327296248382924,DOÑIHUE,0.01067370595661655,0.26316997589808333,0.22667278778836222,0.08722598416159762,0.17192700562378055,0.11580397107769999,0.12452656949385975,6105
83,6106,43.882758905694686,10.504652644996813,0.8873873873873874,0.4912389453673857,GRANEROS,0.011463250168577209,0.2790140106390949,0.2166029819435079,0.10077170899827677,0.16767812991683526,0.1136585000374616,0.11081141829624634,6106
84,6107,46.560083426921224,9.109074752860158,0.38290817690785606,0.5132894807208942,LAS CABRAS,0.011743450767841012,0.22504516711833786,0.27009936766034326,0.08796296296296297,0.09428635953026197,0.16610207768744353,0.1447606142728094,6107
85,6108,43.874774118725895,12.354558290191301,0.978666019365105,0.47983925344553224,MACHALI,0.008442132129184255,0.24997545891822912,0.27422204770786296,0.07946402277412389,0.14155295965446157,0.09070383822518896,0.15563954059094925,6108
86,6109,46.702886577898724,9.20860172430879,0.40101078822042957,0.5040334337642142,MALLOA,0.008001488649050986,0.1979903237811686,0.31466319315221436,0.0770375883885374,0.12765165612206922,0.14774841831038332,0.1269073315965761,6109
87,6110,45.080876835673706,9.895071891120624,0.8265623325115232,0.4967306249330046,MOSTAZAL,0.013201320132013201,0.27403052805280526,0.2352516501650165,0.08828382838283828,0.1643976897689769,0.11520214521452145,0.10963283828382839,6110
88,6111,45.05854870775348,9.94390342868736,0.6879721669980119,0.4992047713717694,OLIVAR,0.007427740997900856,0.21378976263523333,0.2746649442919425,0.07960600678185048,0.17374455029872438,0.115937348619409,0.13482964637493944,6111
89,6112,46.341327231121284,9.531220876048462,0.8367048054919909,0.5071853546910755,PEUMO,0.014249363867684479,0.2544529262086514,0.21374045801526717,0.08566581849024597,0.13418150975402884,0.1670907548770144,0.13061916878710772,6112
90,6113,47.35739378272685,8.891555615991297,0.4700072910452708,0.5087161132100484,PICHIDEGUA,0.012175443743582221,0.22605251576940003,0.23676103858002054,0.0680651312894235,0.10928560950564764,0.18072465894088308,0.16693560217104297,6113
91,6114,46.49240060392552,9.391007340946166,0.5566180171112229,0.5019627579265223,QUINTA DE TILCOCO,0.01247185172354062,0.25359431837865926,0.24961025463363937,0.07275246838732029,0.14030833188983197,0.13545816733067728,0.1358046076563312,6114
92,6115,45.119160429398704,10.06456969130028,0.7722538854173819,0.48485888896518575,RENGO,0.012992108819810786,0.24296987400270306,0.24244670183546235,0.09513013907660113,0.15089157256833938,0.1448314949644679,0.11073810873261543,6115
93,6116,44.44357108199903,9.989776485917611,0.5796215429403202,0.5021348859776807,REQUINOA,0.009338453482283121,0.18502356432187117,0.29682318031069993,0.07933321696631175,0.1870308954442311,0.1220108221330075,0.1204398673415954,6116
94,6117,47.0090102773476,9.945935749731564,0.548388005068281,0.49125721526115723,SAN VICENTE,0.011663367396072976,0.241560109143438,0.25338398159542025,0.06618158471991868,0.10914343801829758,0.1693863356695736,0.1486811834572789,6117
95,6201,47.052581489412326,10.343811074918566,0.7794432548179872,0.500991355381077,PICHILEMU,0.013463600619563922,0.26331466698439177,0.2378172286429167,0.0658882402001668,0.08888359347074944,0.13975932324556178,0.19087334683664958,6201
96,6202,50.13958248055669,8.744476865360568,0.3733115022513303,0.5333606221858371,LA ESTRELLA,0.010514665190924184,0.22468179302711677,0.2844493635860542,0.06253458771444383,0.07083563918096292,0.18040951853901493,0.16657443276148312,6202
97,6203,48.0179335642959,9.004820792286733,0.5239453841450988,0.5219074791114734,LITUECHE,0.009897828863346106,0.2148786717752235,0.29853128991060024,0.06385696040868455,0.06641123882503193,0.19636015325670497,0.1500638569604087,6203
98,6204,48.701596113809856,8.858954041204438,0.4450034698126301,0.5164816099930604,MARCHIGUE,0.01075619295958279,0.2180573663624511,0.24608865710560626,0.05573663624511082,0.07822685788787484,0.1939374185136897,0.1971968709256845,6204
99,6205,51.21693713859354,9.38739431206764,0.0,0.5247155381458684,NAVIDAD,0.016609213412723284,0.25289877781259795,0.2384832340958947,0.06800376057662175,0.06392980256972736,0.1949232215606393,0.16515198997179567,6205
100,6206,50.71537842190016,7.777981277981278,0.28764090177133655,0.5245571658615137,PAREDONES,0.007965482907401261,0.21042150680385,0.24958513109857286,0.05144374377696648,0.07202124128775307,0.23498174576833722,0.17358114835711916,6206
101,6301,45.64460337152448,10.72707661139041,0.8567649419835073,0.47814347223235787,SAN FERNANDO,0.012317472931359888,0.23750869176517334,0.2777391477103407,0.07075924638257011,0.13420085427634845,0.1270156617330552,0.14045892520115227,6301
102,6302,47.3737164552593,8.790992258972555,0.5631202001898352,0.5023729398567607,CHEPICA,0.00661993769470405,0.18010124610591902,0.3035436137071651,0.06580996884735202,0.11409657320872274,0.16374610591900313,0.16608255451713397,6302
103,6303,45.898230587174574,9.190646796508748,0.5734249971824636,0.5005071565423194,CHIMBARONGO,0.009228441754916793,0.19213313161875945,0.26202723146747353,0.07413010590015129,0.17677760968229955,0.14977307110438728,0.1359304084720121,6303
104,6304,48.806758775205374,8.521148036253777,0.3534353995519044,0.5113890963405526,LOLOL,0.006062647356012125,0.1913102054563826,0.27349275850454696,0.040417649040080834,0.07679353317615359,0.22027618726844056,0.19164701919838328,6304
105,6305,46.20991145174492,9.445755439779344,0.6297343552347645,0.4925217650122777,NANCAGUA,0.008831321754489255,0.19605534294966145,0.2444804239034442,0.05813953488372093,0.14807182808360317,0.18781277597880483,0.15660877244627613,6305
106,6306,46.801474405565365,9.05283381364073,0.2728688609697851,0.5038936766690894,PALMILLA,0.008421507233858778,0.17685165191103433,0.24335996545022673,0.05938242280285035,0.1012740228892248,0.2658173180738501,0.14489311163895488,6306
107,6307,47.59355971896956,9.171377245508982,0.5959016393442623,0.5053864168618267,PERALILLO,0.009080590238365494,0.20771850170261066,0.24790011350737798,0.061975028376844495,0.08898978433598184,0.2090805902383655,0.17525539160045403,6307
108,6308,46.90123640697155,9.128948175406316,0.2790108744227618,0.5033517056457619,PLACILLA,0.012091587342423462,0.1654232055569848,0.2513506560329303,0.07254952405454078,0.16362233084641112,0.1857473630048881,0.14921533316182145,6308
109,6309,49.67179670722978,8.188269370021724,0.0,0.5096635647816751,PUMANQUE,0.014180672268907563,0.1869747899159664,0.2804621848739496,0.06985294117647059,0.06565126050420168,0.20115546218487396,0.18172268907563024,6309
110,6310,46.473951981043314,10.167720727480615,0.597658291807506,0.485625675157682,SANTA CRUZ,0.009671899412246113,0.22401607023286957,0.27966669146640877,0.04940108622870322,0.0960494010862287,0.15244401458224835,0.1887508369912953,6310
111,7101,44.404119663594415,11.476923076923077,0.9586491583929397,0.4688326631317984,TALCA,0.010143471709649946,0.24188194702247068,0.27697464678007555,0.06352499290284541,0.1465398641713799,0.12044417269014915,0.14049090472342934,7101
112,7102,44.8264010183842,9.815163859670456,0.8080168151810296,0.49453802658456436,CONSTITUCION,0.010774873911049978,0.16775561668959194,0.2561325080238423,0.06808803301237965,0.2212287941311325,0.1578404401650619,0.11817973406694177,7102
113,7103,51.12313139260425,8.065474589943534,0.34028324154209283,0.509965906110674,CUREPTO,0.008680555555555556,0.21999007936507936,0.26339285714285715,0.047371031746031744,0.0954861111111111,0.2088293650793651,0.15625,7103
114,7104,45.95632770162576,8.143180349062701,0.712782913611731,0.531399426203379,EMPEDRADO,0.003320420586607637,0.06806862202545656,0.47315993359158826,0.05201992252351965,0.16602102933038185,0.13004980630879912,0.10736026563364692,7104
115,7105,41.68791431466204,10.834362750920537,0.7623100303951368,0.47665364017947603,MAULE,0.007830070803831737,0.17634319033735943,0.2847147022074136,0.08063306955435236,0.19483548521449395,0.12703040399833404,0.12861307788421492,7105
116,7106,47.03732383459811,8.7894067122634,0.29890041815084406,0.4957410562180579,PELARCO,0.007973604619191641,0.1509485839978004,0.3098707726147924,0.06818806708825956,0.1542480065988452,0.16359637063513885,0.14517459444597194,7106
117,7107,48.29865666979069,8.655023233456177,0.40034364261168387,0.5148391127772571,PENCAHUE,0.005011484652328252,0.13238671956567133,0.3520567968260597,0.056170390478179164,0.12194612653998747,0.19544790144080185,0.13698058049697223,7107
118,7108,46.48643356643357,8.351685178092685,0.30703962703962706,0.5234498834498834,RIO CLARO,0.011090573012939002,0.15822550831792975,0.3120147874306839,0.08003696857670979,0.13419593345656192,0.15286506469500924,0.15157116451016636,7108
119,7109,45.7710100231303,8.928535257627548,0.47651503469545103,0.49912104857363143,SAN CLEMENTE,0.009068760151597185,0.1818489442338928,0.28471846237141313,0.07451272333513806,0.1550487276664862,0.17643475906876016,0.1183676231727125,7109
120,7110,46.0157886970636,8.979499547784142,0.5251586247602184,0.4913678618857902,SAN RAFAEL,0.009284143659907158,0.14414854629855853,0.2890300513071097,0.09015392132909845,0.1803078426581969,0.1531883703884681,0.13388712435866112,7110
121,7201,48.76680111899031,9.30897668480817,0.8050549736516818,0.4692928241493722,CAUQUENES,0.007229223977992451,0.12788689143368948,0.4542255773782867,0.048749280276373874,0.08387179323139914,0.1258396775638155,0.15219755613844282,7201
122,7202,48.751098096632504,8.252422841807068,0.4354319180087848,0.4994143484626647,CHANCO,0.0045121263395375075,0.13028764805414553,0.4847715736040609,0.03948110547095319,0.06627185561195713,0.1644106034968979,0.11026508742244782,7202
123,7203,48.64744588744589,9.274847506279153,0.531082251082251,0.49575757575757573,PELLUHUE,0.008453505718547987,0.1720537046245649,0.45077076081551465,0.04450522128294381,0.06812531079065141,0.13202386872202884,0.12406762804574839,7203
124,7301,44.79200758287058,10.723997493734336,0.8866325079807924,0.4791247507399558,CURICO,0.011110341963173197,0.2168766440537173,0.2971583829433753,0.08057593797591028,0.13593728367714247,0.1200332271909179,0.13830818219576355,7301
125,7302,49.03494731225824,8.69689608636977,0.5846338535414166,0.5014005602240896,HUALAÑE,0.00963623223319682,0.19682004336304504,0.23897855938328114,0.06239460370994941,0.0881715249337509,0.24500120452902915,0.15899783184774752,7302
126,7303,48.296908419210574,9.50009910802775,0.7363406572039666,0.5030138051720785,LICANTEN,0.00958044268252395,0.18566237198546415,0.24281466798810702,0.061777337297654444,0.11463495209778658,0.17806408985794517,0.20746613809051867,7303
127,7304,45.63134651464858,9.515980250125654,0.8040121229614663,0.48615961899263965,MOLINA,0.009832580387988307,0.2105235184693064,0.2595801222428913,0.0875365399946851,0.14036672867393038,0.17241562583045442,0.11974488440074409,7304
128,7305,46.66675003126172,8.892685396102253,0.5060647742903589,0.49180942853570087,RAUCO,0.008582695430294595,0.13964277429830665,0.3419160287636279,0.08884249594061702,0.12201345395499884,0.16747854326142425,0.1315240083507307,7305
129,7306,45.44388507942019,9.286800459729466,0.41645690478257097,0.5030813297456818,ROMERAL,0.009685986564599281,0.16388064364942978,0.3351038900171848,0.0721762224652398,0.11591938759568818,0.16325574129042336,0.1399781284174348,7306
130,7307,46.17984854859066,8.675720223591801,0.42175010517458983,0.5050483803113168,SAGRADA FAMILIA,0.009822646657571623,0.17776261937244203,0.26821282401091406,0.07598908594815826,0.13533424283765347,0.2,0.13287858117326057,7307
131,7308,45.851462729825194,8.88193804167435,0.3177248437641518,0.5071098632370257,TENO,0.010783608914450037,0.17294854678032248,0.3211461435760501,0.07969600492964979,0.1478894936838862,0.1261168737804252,0.1414193283352162,7308
132,7309,49.7201514269074,8.879833432480666,0.26528829353523586,0.5198019801980198,VICHUQUEN,0.00911743253099927,0.14514952589350838,0.31181619256017507,0.039022611232676876,0.06783369803063458,0.15098468271334792,0.2760758570386579,7309
133,7401,46.11668262839663,10.463601924848982,0.8239826183907717,0.4658299861347361,LINARES,0.008661781930106503,0.21518263285484707,0.34249448424263884,0.0647726963201046,0.1338218069893498,0.11268488001525345,0.12238171764769973,7401
134,7402,46.419627313172995,8.984093319194061,0.41556515571603586,0.4852021406925011,COLBUN,0.010044937879989427,0.1998413957176844,0.28284430346286016,0.08908273856727465,0.14961670631773724,0.15833994184509648,0.11022997620935765,7402
135,7403,46.638130455346776,8.356236362826735,0.2944489831018618,0.5062561809347723,LONGAVI,0.005557209486950481,0.16314379279547483,0.4150044656147663,0.05140418775429195,0.10687704674010122,0.14031953954549967,0.11769375806291556,7403
136,7404,47.35111411208643,9.52836272703343,0.7262145911707019,0.4758367898138324,PARRAL,0.006530465520340303,0.16487927625666526,0.3896710802228746,0.04966748547121203,0.09292433047750284,0.14343059133664848,0.15289677071475646,7404
137,7405,47.64110328483971,8.43135149644343,0.33954315054966755,0.5000329142255283,RETIRO,0.007616673590915386,0.125744356737294,0.4101924941143886,0.0553939897521119,0.10206342611826617,0.129206481096801,0.16978257859022297,7405
138,7406,46.156956355170486,9.468517121737818,0.7003506910676922,0.47567264904370377,SAN JAVIER,0.008501794823351597,0.17129542162604697,0.3349707160400529,0.06165375653378676,0.13470621575665975,0.15750362113483216,0.13136847408526986,7406
139,7407,47.291234607906674,9.137258172114743,0.5816591056383669,0.47974724562540505,VILLA ALEGRE,0.007147719537100068,0.1640571817562968,0.3498978897208986,0.0673927842069435,0.10823689584751532,0.15946221919673248,0.14380530973451328,7407
140,7408,46.15102856297173,8.49319830713422,0.3400917566967589,0.5018499334023975,YERBAS BUENAS,0.010838380618425247,0.14886834555307618,0.358144724258846,0.07730315588141537,0.11826585910105196,0.1708638826904686,0.1157156518967166,7408
141,8101,43.34314625887976,12.53799783984302,0.9814991037245225,0.4744450837630292,CONCEPCION,0.014570090501892683,0.24866083727004662,0.30623718229958474,0.05870889408115581,0.12936567049964798,0.11265291962982991,0.12980440571784224,8101
142,8102,44.24378905744313,10.741636223803114,0.9727083357851503,0.47076061244424566,CORONEL,0.012000677457598414,0.19975321187486392,0.280636810142508,0.07725436113328978,0.24761075221988338,0.1158210544143621,0.06692313275749437,8102
143,8103,44.74502291222854,11.826174139173482,0.9992950083526184,0.45940933960673724,CHIGUAYANTE,0.014302776078534184,0.23612688980162544,0.2650528707506773,0.0797576393136998,0.17268198898890152,0.11337353258178216,0.11870430248477963,8103
144,8104,49.07381037142518,8.771843465419641,0.41260234959060166,0.5061113088880977,FLORIDA,0.011848341232227487,0.13420939250323136,0.33649289099526064,0.06828953037483843,0.14541146057733736,0.17320120637656183,0.13054717794054288,8104
145,8105,45.12956550876801,9.83919854694063,0.8449123198927734,0.4766000223388808,HUALQUI,0.011040638947615691,0.17066008926474044,0.2758985200845666,0.10077519379844961,0.21658444914258868,0.12696734789758046,0.09807376086445854,8105
146,8106,46.20839407191448,9.941748474807222,0.99738824101069,0.47233357628765793,LOTA,0.010371282439856033,0.18436256866830839,0.29380564500852435,0.08581170676264444,0.21898086758855845,0.14557681379049062,0.061091115741617734,8106
147,8107,45.36279823434095,10.778897197328615,0.9901938872436721,0.46817902441750014,PENCO,0.014343279286193994,0.2103041350858678,0.23136333109469442,0.07924781732706515,0.2122229684351914,0.1662669097188909,0.08625155905209632,8107
148,8108,43.12208767306647,12.188781427218657,0.9988810808549797,0.4644246455013176,SAN PEDRO DE LA PAZ,0.01055061707085527,0.21284629325968757,0.3109950806938811,0.06313109519288858,0.15700785362906705,0.10278760680072495,0.14268145335289548,8108
149,8109,47.17974829474493,8.914632951092816,0.662887885483716,0.48227495436641366,SANTA JUANA,0.013340849304772641,0.16647876738068396,0.4049229612927471,0.06407365652010523,0.1516347237880496,0.11987974445697107,0.07966929725667042,8109
150,8110,45.13114459378478,11.583740520849751,0.9895728105470422,0.47162914134063866,TALCAHUANO,0.013734041709618587,0.20954722068035841,0.3011656490365554,0.07219094441360717,0.20838950122908573,0.09818412497026406,0.09678851796051066,8110
151,8111,46.759302739238706,10.599127272727273,0.9014111229692873,0.45948061188189254,TOME,0.011053373260524925,0.21838118724678526,0.30266866302624623,0.0627091773824203,0.16751805531090364,0.14638013035053726,0.09128941342258234,8111
152,8112,45.23949585782058,11.529234060390559,0.99168731855838,0.46263541740423425,HUALPEN,0.013326877994088267,0.2085414330853124,0.2539496483538885,0.0871725614106615,0.22510447456936092,0.1171644072979309,0.09474059728875751,8112
153,8201,45.51242488224785,9.432182251538164,0.913919116452818,0.4797791132044827,LEBU,0.010684962321448655,0.17545832864694635,0.3909571476774266,0.0710831177595321,0.14092902935552806,0.15161399167697673,0.05927342256214149,8201
154,8202,45.189229506973966,9.90723040160333,0.7513612292086224,0.483516073692847,ARAUCO,0.008564266815206795,0.15339089263333797,0.34695724829410945,0.06001949589193706,0.23436847235761035,0.11746274892076312,0.07923687508703524,8202
155,8203,45.82890178067843,9.321837174597912,0.5602288292643622,0.47341068407058257,CAÑETE,0.012582144574451034,0.13960570604263503,0.5045680397499599,0.045760538547844204,0.10907196666132393,0.11676550729283539,0.07164609713095048,8203
156,8204,47.71789193976971,8.79819004524887,0.5013286093888397,0.4980070859167405,CONTULMO,0.009590556990040576,0.1217263002582073,0.5743268166728145,0.05127259313906308,0.07930652895610475,0.11287347842124677,0.05090372556252305,8204
157,8205,45.75470984020185,9.65687032740397,0.9317493692178301,0.48061396131202694,CURANILAHUE,0.012801696020874102,0.17343444227005872,0.31784083496412263,0.06433463796477495,0.20874103065883887,0.15753424657534246,0.06531311154598826,8205
158,8206,45.2825241416309,9.135111050178228,0.8844554721030042,0.47585836909871243,LOS ALAMOS,0.009997436554729556,0.132017431427839,0.4482184055370418,0.04870546013842605,0.1623942578825942,0.13752883875929248,0.061138169700076905,8206
159,8207,43.99388670017661,8.437742114001107,0.36747724493954625,0.5023773943757641,TIRUA,0.015187849720223821,0.15480948574473755,0.5158539834798828,0.03730349054090061,0.08579802824407141,0.1286970423661071,0.06235011990407674,8207
160,8301,44.780819612541904,10.743553077541817,0.7421343852232798,0.47378128407759934,LOS ANGELES,0.00816824576514499,0.13561584840654609,0.4233563020384726,0.04671260407694516,0.1667815101923629,0.09239161642262417,0.12697387309790412,8301
161,8302,48.17783505154639,9.335997335997336,0.49710051546391754,0.47036082474226804,ANTUCO,0.009229098805646038,0.13300760043431054,0.2969598262757872,0.0494028230184582,0.21715526601520088,0.18023887079261672,0.11400651465798045,8302
162,8303,45.72735350512089,9.483624193162802,0.7396997614927746,0.4900621989430856,CABRERO,0.006874767744332962,0.12160906726124117,0.34355258268301747,0.06419546636937941,0.25743218134522483,0.11882199925678187,0.0875139353400223,8303
163,8304,46.97806592341251,9.665180230397622,0.7164323800290838,0.46788657295201164,LAJA,0.009314330602625967,0.1457748849736281,0.3040062843676355,0.07092357760071821,0.25754685220513973,0.11367972169229043,0.09875434855796207,8304
164,8305,46.13130391127744,9.156986453887548,0.8037971794988819,0.4895714481310757,MULCHEN,0.00866062437059416,0.13605236656596173,0.37885196374622354,0.04682779456193353,0.18429003021148035,0.16253776435045317,0.08277945619335347,8305
165,8306,46.046853183017014,9.69523959316347,0.8561824481563841,0.48673527434452085,NACIMIENTO,0.008601134215500945,0.12920604914933836,0.34905482041587904,0.04508506616257089,0.26956521739130435,0.11947069943289225,0.07901701323251417,8306
166,8307,46.25750834260289,8.924292016507756,0.610678531701891,0.48623470522803114,NEGRETE,0.006747638326585695,0.09446693657219973,0.41700404858299595,0.05856950067476383,0.17840755735492578,0.13711201079622132,0.1076923076923077,8307
167,8308,50.127394636015325,8.817021276595744,0.4540229885057471,0.49936143039591313,QUILACO,0.006014215418261345,0.12848551120831056,0.3652268999453253,0.04319300164024057,0.1273920174958994,0.22361946418808093,0.1060688901038819,8308
168,8309,48.49680228602531,8.805916505391208,0.5750442237039053,0.48782147230915773,QUILLECO,0.011250654107796965,0.10727367870225013,0.3869701726844584,0.06384092098377812,0.17660910518053374,0.14965986394557823,0.1043956043956044,8309
169,8310,48.858246427191965,9.609344326658814,0.8304364619544226,0.46697566628041715,SAN ROSENDO,0.00688924218335983,0.1658717541070482,0.2702702702702703,0.10810810810810811,0.228404875463699,0.1494435612082671,0.07101218865924748,8310
170,8311,46.60416462037128,9.102802802802803,0.5658579707297908,0.4809940084471074,SANTA BARBARA,0.009185069376587845,0.12605042016806722,0.40687903068204023,0.043971076802814146,0.16904436193081884,0.1309360953683799,0.11393394567129177,8311
171,8312,47.88078725398313,9.52511240792117,0.8271790065604498,0.4795688847235239,TUCAPEL,0.009327701513551567,0.14607532558958114,0.32083773319253783,0.05367828229496656,0.20204153467089053,0.16525871172122492,0.10278071101724745,8312
172,8313,48.83277955657585,9.121614082935597,0.582673835558509,0.48716244789464147,YUMBEL,0.009993028119916338,0.16046943992563328,0.38054845456658143,0.05484545665814548,0.15756448989077387,0.14431791773181502,0.09226121310713456,8313
173,8314,42.269781461944234,7.363706763035622,0.0,0.5214770158251696,ALTO BIOBIO,0.02165674066053059,0.20411478072550082,0.2717920952896589,0.06442880346507851,0.13806172171088252,0.21602598808879264,0.08391987005955603,8314
174,9101,43.35658268911239,12.023093650679858,0.9346222406322285,0.4645511707678059,TEMUCO,0.010070644821884864,0.1955174774955325,0.3926632930841559,0.05667451609132054,0.1263172837650517,0.10036407969671159,0.11839270504534295,9101
175,9102,47.634463876627365,8.493076878512253,0.5271833268145499,0.48985863552550707,CARAHUE,0.011946294534305952,0.1296120097261867,0.42034041653451737,0.05254255206681467,0.09979913310075061,0.18479754730944076,0.10096204672798394,9102
176,9103,49.05263551961665,9.102972889710413,0.4859988020365379,0.4979035639412998,CUNCO,0.007254677357770141,0.13885707012854778,0.43133511518391243,0.05256459208349243,0.12231131475117729,0.14852997327224132,0.0991472572228586,9103
177,9104,45.65524861878453,8.595585412667946,0.2972375690607735,0.50902394106814,CURARREHUE,0.017592273197654364,0.18903070024146257,0.4246291824767161,0.04311831666091756,0.09313556398758192,0.11486719558468438,0.1176267678509831,9104
178,9105,47.144244255043695,8.9868472384774,0.3151904196784982,0.49638580213615274,FREIRE,0.013695652173913043,0.1501086956521739,0.39467391304347826,0.06206521739130435,0.10326086956521739,0.17717391304347826,0.09902173913043479,9105
179,9106,47.51724137931034,8.094695621217515,0.35085922385341983,0.49743939911232504,GALVARINO,0.014308114464915719,0.1724813798510388,0.3531948255586045,0.07369658957271658,0.09270874166993336,0.222265778126225,0.07134457075656606,9106
180,9107,48.28628780444286,9.458632101489245,0.6907841912748685,0.47729503077883845,GORBEA,0.006129328838492185,0.12166717744406988,0.4834508121360711,0.03493717437940545,0.10159362549800798,0.12886913882929818,0.12335274287465522,9107
181,9108,44.91707334577293,9.943429427180831,0.7155877709200517,0.47814697861346345,LAUTARO,0.009395797990343208,0.1416547044238549,0.4514550437165601,0.05122014876680151,0.11933968419678977,0.14335116794988909,0.08358345295576144,9108
182,9109,47.72693579655605,9.309979016087667,0.684570646595963,0.4802143916067967,LONCOCHE,0.009811161514927735,0.15993248232935964,0.36934275767486024,0.06203185990083342,0.13777824665049057,0.16214790589724654,0.09895558603228188,9109
183,9110,48.872463148899804,8.92024128686327,0.4424268318735313,0.49946592608417006,MELIPEUCO,0.011812812358019082,0.16447069513857338,0.42889595638346206,0.043162199000454336,0.11222171740118128,0.1490231712857792,0.09041344843253067,9110
184,9111,46.68039043924415,9.43973594548552,0.5626329620823426,0.480999457723272,NUEVA IMPERIAL,0.013463429392632932,0.16609938733832538,0.355268134029196,0.0764692534604039,0.12457454050374404,0.17404129793510326,0.0900839573405945,9111
185,9112,43.5555736724822,10.118785926938417,0.59713390220483,0.4769462108447923,PADRE LAS CASAS,0.010328162756255359,0.17183724374464104,0.36132979967261675,0.07218021669654688,0.17023930158235248,0.11622106165718295,0.09786421389040455,9112
186,9113,46.58957718780728,9.064906709011513,0.5162241887905604,0.49183874139626355,PERQUENCO,0.012224108658743633,0.1300509337860781,0.42512733446519524,0.06315789473684211,0.15483870967741936,0.15551782682512733,0.05908319185059423,9113
187,9114,47.461371113233575,9.893262102049716,0.6498991828504722,0.4764406240050939,PITRUFQUEN,0.008193445243804956,0.15717426059152678,0.44834132693844925,0.057154276578737014,0.10761390887290168,0.12420063948840927,0.09732214228617106,9114
188,9115,44.443133198551884,10.930618987464776,0.643048568338897,0.4913254031689313,PUCON,0.011094795235764399,0.2365801925273291,0.37469407733724913,0.04837657040300212,0.1102953173437755,0.08883994126284875,0.130119105890031,9115
189,9116,49.06283740012956,8.001563023333706,0.2145324983804794,0.49093068451738286,SAAVEDRA,0.02109872611464968,0.15127388535031847,0.31468949044585987,0.08081210191082802,0.10648885350318471,0.23546974522292993,0.0901671974522293,9116
190,9117,49.09040188300933,8.20965578900313,0.34190567518089093,0.5027460552698109,TEODORO SCHMIDT,0.007272727272727273,0.11841897233201581,0.4216600790513834,0.04774703557312253,0.10371541501976285,0.1440316205533597,0.15715415019762846,9117
191,9118,48.9893558951965,8.502022033189235,0.39164847161572053,0.4982259825327511,TOLTEN,0.00987211128561813,0.12676688355396007,0.4168723356517837,0.05698900605788647,0.10320843616782589,0.14157505048238725,0.14471617680053847,9118
192,9119,45.0701805902217,9.6374245268659,0.542896295208731,0.48710419419566386,VILCUN,0.009364172675344134,0.1352186534319693,0.4188594437681431,0.05131566626088585,0.12182788650622718,0.15029497143927334,0.11311920591815713,9119
193,9120,45.76474460563209,10.483272307769473,0.6518346946239181,0.48197001097159575,VILLARRICA,0.011619931410127094,0.20843251966915474,0.40334879967722415,0.047811176114585435,0.10990518458745209,0.10357070808957031,0.11531168045188622,9120
194,9121,47.043614457831325,8.39325699745547,0.3536144578313253,0.4910843373493976,CHOLCHOL,0.016535281676600653,0.1517015958469525,0.34993270524899056,0.06825610459527014,0.15804652951355508,0.14997115939242453,0.1055566237262065,9121
195,9201,46.22424887267569,10.257275781855776,0.9132340274611136,0.46982824137406903,ANGOL,0.007227208313651394,0.13259329239489845,0.47151629664619743,0.044402456306093525,0.1450165328294757,0.10377893245158243,0.09546528105810109,9201
196,9202,46.04672007170467,8.819137990168057,0.7421993165648983,0.48142961178645455,COLLIPULLI,0.009456013599660008,0.11889077773055673,0.5258181045473863,0.05163620909477263,0.12430939226519337,0.09806629834254144,0.0718232044198895,9202
197,9203,48.479696394686904,9.48646967340591,0.7276660341555977,0.4693738140417457,CURACAUTIN,0.007692307692307693,0.12985658409387224,0.5423728813559322,0.04602346805736636,0.08565840938722295,0.10951760104302477,0.0788787483702738,9203
198,9204,46.77706208624083,8.475621147020362,0.4775451780282698,0.48613347647164074,ERCILLA,0.0171291538198013,0.16615279205207262,0.5104487838300787,0.06235011990407674,0.06132237067488866,0.11031175059952038,0.0722850291195615,9204
199,9205,45.80871862615588,8.433739893106756,0.38031704095112284,0.5290620871862616,LONQUIMAY,0.007020623080298377,0.12724879333040806,0.47038174637999125,0.0370776656428258,0.09368143922773146,0.19306713470820536,0.07152259763053971,9205
200,9206,47.959368764737896,8.146980122324159,0.5936876473789225,0.4939234536549973,LOS SAUCES,0.008059873344847437,0.1111111111111111,0.5414507772020726,0.03742084052964882,0.07973517559009786,0.13298791018998274,0.0892343120322395,9206
201,9207,47.83222895812773,7.552616279069768,0.4245030311574792,0.5140279148456225,LUMACO,0.012533140515786937,0.13400819474572187,0.5888165823089901,0.04217883827428296,0.05808628585201253,0.1096649795131357,0.0547119787900699,9207
202,9208,48.25408618127786,8.641245226246962,0.6366441879071894,0.47433992456280716,PUREN,0.009306742640075973,0.1168091168091168,0.5021842355175689,0.04368471035137702,0.07692307692307693,0.1754985754985755,0.07559354226020892,9208
203,9209,45.87271771969,9.123612239371784,0.8053329830553001,0.47786680677787996,RENAICO,0.008241111372733695,0.10477984459618554,0.41323287026136096,0.060984224158229336,0.18648457734871673,0.13562514716270307,0.09065222510007064,9209
204,9210,48.28399828399829,8.986527276742988,0.7631917631917632,0.4653224653224653,TRAIGUEN,0.013287775246772968,0.16109845608706658,0.48468742090609973,0.0545431536319919,0.0656795747911921,0.12541128828144774,0.095292331055429,9210
205,9211,46.67869409176861,9.926690165947166,0.7286690078339058,0.4689538069694748,VICTORIA,0.008231852506973263,0.11687869923124022,0.5763657391659297,0.050343560786448055,0.07000476222872304,0.1004830260561943,0.07769236002449147,9211
206,10101,42.54869843370836,11.067854942893796,0.8914019413192147,0.48608537392455325,PUERTO MONTT,0.013796172674677348,0.21465657914256045,0.32852920703387994,0.06318396038022206,0.16532584756883822,0.10656944301804115,0.10793879018178083,10101
207,10102,46.00327713507324,8.86432119879469,0.4560350613969282,0.5002961266632447,CALBUCO,0.013807944050928002,0.19384918855913208,0.303774769120416,0.06366000179323948,0.19797363937953913,0.12839594727875908,0.09853850981798619,10102
208,10103,48.82839506172839,8.669233237086942,0.0,0.5552469135802469,COCHAMO,0.012305699481865285,0.18393782383419688,0.4183937823834197,0.044689119170984455,0.09585492227979274,0.1172279792746114,0.12759067357512954,10103
209,10104,47.986927409926665,8.511615284411636,0.5805080242321182,0.5005845467105963,FRESIA,0.0083443959795183,0.15911245970036034,0.3891522852266262,0.04001517162905367,0.0931158733168974,0.22340223781528543,0.08685757633225867,10104
210,10105,45.713841930356885,9.688352104327208,0.6923132495304147,0.4879352694697298,FRUTILLAR,0.0071693153303859485,0.1614290835225236,0.38953279961763654,0.044808220814912175,0.14434221531843708,0.15880033456804876,0.09391803082805592,10105
211,10106,47.61489246897402,8.392710634269486,0.45278655669467355,0.5119093501888538,LOS MUERMOS,0.005585748792270531,0.12016908212560387,0.4852053140096618,0.03698671497584541,0.11458333333333333,0.12952898550724637,0.10794082125603864,10106
212,10107,45.459094339622645,9.824587241299124,0.8048301886792453,0.4871698113207547,LLANQUIHUE,0.008424814909369416,0.17806995149348992,0.33418432473832016,0.07173857544038806,0.17564462598927752,0.15190196579014553,0.08003574163900945,10107
213,10108,48.96804477342481,8.522421110906071,0.4510742011193356,0.5045134500812422,MAULLIN,0.009109127345600291,0.16068500637638913,0.4002550555656768,0.03789396975769721,0.13026052104208416,0.17143377664419748,0.0903625432683549,10108
214,10109,44.335523514023244,11.659989984977466,0.7225771126117905,0.48497292693313865,PUERTO VARAS,0.008255844268706005,0.19375162944294777,0.3999739289128357,0.03897627531068046,0.09346484748414009,0.09889632397670983,0.1666811506039802,10109
215,10201,44.97655890914662,10.547351878044948,0.7723916041060211,0.4810173127010878,CASTRO,0.018176654359556944,0.27651235444476,0.2526554955978415,0.05418915080942914,0.15523998863959101,0.1371201363249077,0.10610621982391366,10201
216,10202,46.943426376092205,9.785183096605929,0.707714276000408,0.4830857104001632,ANCUD,0.01471529110684581,0.24267434420985284,0.2797184900831734,0.0600127959053103,0.13563659628918745,0.15035188739603328,0.11689059500959693,10202
217,10203,45.54422815753735,9.073582967597348,0.3612494341330919,0.4945224083295609,CHONCHI,0.018275271273557967,0.23015419760137065,0.22729868646487722,0.0533028745478774,0.1905577765086617,0.1856082238720731,0.09480296973158195,10203
218,10204,48.062299750800996,8.952761627906977,0.27020291918832323,0.4788180847276611,CURACO DE VELEZ,0.008071025020177562,0.20581113801452786,0.24293785310734464,0.04600484261501211,0.17029862792574657,0.23486682808716708,0.09200968523002422,10204
219,10205,45.243559488692235,9.091878425510712,0.5035398230088496,0.4927236971484759,DALCAHUE,0.015494912118408881,0.21253469010175763,0.2511563367252544,0.05989824236817761,0.18408880666049954,0.16396854764107308,0.11285846438482887,10205
220,10206,48.01107131227613,8.233706385780119,0.0,0.4861608596548356,PUQUELDON,0.010802469135802469,0.23148148148148148,0.22145061728395063,0.06404320987654322,0.22608024691358025,0.16743827160493827,0.0787037037037037,10206
221,10207,46.863044012785835,8.314462299134734,0.40644209491025324,0.5148758298500123,QUEILEN,0.012345679012345678,0.20987654320987653,0.22137079608343976,0.04980842911877394,0.13409961685823754,0.2822477650063857,0.09025117071094083,10207
222,10208,42.45425369332654,9.23464123808035,0.6418746816097809,0.5120224146714213,QUELLON,0.013022055373064289,0.2050680431722196,0.249061473486626,0.051736274049741904,0.20495072735804787,0.19474425152510558,0.08141717503519474,10208
223,10209,48.016723443790646,8.254898837024056,0.28321461752864663,0.5184267575100651,QUEMCHI,0.010779734099892203,0.21092346388789077,0.28350700682716495,0.05210204814947898,0.12396694214876033,0.21415738411785842,0.10456342076895436,10209
224,10210,47.74561118335501,8.809674728940784,0.38475292587776333,0.48618335500650195,QUINCHAO,0.010113268608414239,0.28802588996763756,0.20833333333333334,0.05137540453074434,0.11165048543689321,0.2532362459546926,0.07726537216828479,10210
225,10301,45.04476249228871,10.861344041573167,0.9142257865515114,0.4683939954760436,OSORNO,0.012418950398385685,0.21150793062005727,0.31698740300013356,0.049097140822291795,0.14709853554312508,0.14824101962995387,0.11464901998605279,10301
226,10302,46.45920303605313,9.007656508031827,0.22770398481973433,0.5240110932710553,PUERTO OCTAY,0.010342280226545186,0.16030534351145037,0.30731346958877126,0.04949519822703768,0.1588278749076582,0.23540999753755232,0.07830583600098498,10302
227,10303,47.47339390006489,9.153169952051146,0.7012329656067489,0.48319273199221285,PURRANQUE,0.008843613567670435,0.14743087428635396,0.38688010746669654,0.04768834658009627,0.12112392253442293,0.18929810813836337,0.0987350274263965,10303
228,10304,46.91758612925017,9.151036178433438,0.4172483674848007,0.5114839000225174,PUYEHUE,0.008376545672118069,0.15017949740725967,0.35700039888312723,0.0532508974870363,0.11926605504587157,0.22955723972875947,0.08236936577582768,10304
229,10305,48.19126916925393,9.052657098525989,0.49355536739109984,0.49760090318938754,RIO NEGRO,0.008021819348628268,0.14294882079255575,0.3462217230867961,0.04652655222204396,0.13268089202631156,0.2108134124819509,0.11278678004171346,10305
230,10306,50.23621914102131,7.328183941081372,0.14761582685153873,0.5355089617855935,SAN JUAN DE LA COSTA,0.01668773704171934,0.188621997471555,0.21188369152970923,0.0584070796460177,0.13097345132743363,0.31049304677623263,0.0829329962073325,10306
231,10307,49.04459424423127,8.713051693885815,0.4402385273528649,0.4919626652838994,SAN PABLO,0.01148705096073517,0.15810359231411864,0.32706766917293234,0.05304928989139515,0.1136173767752715,0.24185463659147868,0.0948203842940685,10307
232,10401,45.138916500994036,9.730206757438225,0.3076540755467197,0.6108349900596421,CHAITEN,0.007308970099667774,0.19335548172757475,0.3687707641196013,0.04584717607973422,0.08372093023255814,0.2019933554817276,0.09900332225913622,10401
233,10402,45.59170731707317,10.329692154915591,0.697560975609756,0.5346341463414634,FUTALEUFU,0.014191106906338695,0.1967833491012299,0.41154210028382215,0.03216650898770104,0.05676442762535478,0.1466414380321665,0.14191106906338694,10402
234,10403,45.86404971203395,8.849082780946508,0.38526826311003337,0.5284934828735981,HUALAIHUE,0.013307457721097865,0.17410590518436372,0.28860548932630997,0.061824230662600496,0.18796784031050734,0.16634322151372333,0.10784585528139728,10403
235,10404,48.41461595824012,9.439609902475619,0.6010439970171514,0.5197613721103654,PALENA,0.008871989860583017,0.20278833967046894,0.38910012674271227,0.025348542458808618,0.07224334600760456,0.19898605830164764,0.10266159695817491,10404
236,11101,43.84944394856826,11.031045791926614,0.8556196173980171,0.493233300364268,COYHAIQUE,0.012450133707421858,0.25369339353820525,0.2961728990399369,0.04778396387707685,0.11832010871947744,0.16855902853886284,0.10302047257901889,11101
237,11102,47.949778434268836,8.646084337349398,0.0,0.5819793205317577,LAGO VERDE,0.02391304347826087,0.16304347826086957,0.46956521739130436,0.034782608695652174,0.06739130434782609,0.14130434782608695,0.1,11102
238,11201,43.517850973165956,10.201179630927353,0.8254635494644708,0.5354140274098814,AYSEN,0.01407035175879397,0.2443327749860413,0.2584031267448353,0.06152987158012284,0.1858179787828029,0.15589056393076495,0.07995533221663875,11201
239,11202,43.02915107346858,10.178657556270096,0.5838093362221785,0.6275359464250542,CISNES,0.01110574601641719,0.1974891356832448,0.36890391115403187,0.05697730564944471,0.1274746499275712,0.13664896185417671,0.10140028971511347,11202
240,11203,41.66275051831375,9.70633263743911,0.926744989633725,0.6717346233586731,GUAITECAS,0.008130081300813009,0.2621951219512195,0.3048780487804878,0.036585365853658534,0.13821138211382114,0.16260162601626016,0.08739837398373984,11203
241,11301,43.58674837227116,10.027342179332528,0.7885867483722712,0.5515128303332056,COCHRANE,0.008651766402307137,0.25739005046863733,0.30857966834895456,0.035328046142754144,0.07281903388608507,0.19033886085075702,0.12689257390050468,11301
242,11302,42.08453608247423,10.478813559322035,0.0,0.6329896907216495,O'HIGGINS,0.009554140127388535,0.23885350318471338,0.45222929936305734,0.01592356687898089,0.050955414012738856,0.14968152866242038,0.08280254777070063,11302
243,11303,42.1051282051282,9.865229110512129,0.0,0.5769230769230769,TORTEL,0.04040404040404041,0.3383838383838384,0.19696969696969696,0.07575757575757576,0.0707070707070707,0.17676767676767677,0.10101010101010101,11303
244,11401,46.51760279494759,10.032312447316661,0.624025799516259,0.5361461972588014,CHILE CHICO,0.013756613756613757,0.317989417989418,0.2582010582010582,0.0455026455026455,0.09735449735449736,0.17566137566137566,0.09153439153439154,11401
245,11402,47.87747408105561,9.190962099125365,0.0,0.5424128180961357,RIO IBAÑEZ,0.008264462809917356,0.21562734785875282,0.3486100676183321,0.051840721262208865,0.08414725770097671,0.17054845980465816,0.12096168294515403,11402
246,12101,45.100981794859145,11.689535117729925,0.9573930632986334,0.49409442991760816,PUNTA ARENAS,0.009370696900874479,0.31069940449578853,0.2787603497916629,0.0980883063001842,0.12829270909708687,0.08928986569859976,0.08549866771580321,12101
247,12102,47.56306306306306,10.054054054054054,0.0,0.7387387387387387,LAGUNA BLANCA,0.009933774834437087,0.18874172185430463,0.44370860927152317,0.08609271523178808,0.08278145695364239,0.10927152317880795,0.07947019867549669,12102
248,12103,41.7109634551495,11.623333333333333,0.0,0.8588039867109635,RIO VERDE,0.0,0.203125,0.39453125,0.11328125,0.12109375,0.06640625,0.1015625,12103
249,12104,44.71310344827586,11.537921348314606,0.0,0.8041379310344827,SAN GREGORIO,0.0,0.21311475409836064,0.38934426229508196,0.11065573770491803,0.13524590163934427,0.020491803278688523,0.13114754098360656,12104
250,12201,38.9798522498321,12.137602179836513,0.8865010073875084,0.6178643384822028,CABO DE HORNOS(EX-NAVARINO),0.011534025374855825,0.2179930795847751,0.4855824682814302,0.03229527104959631,0.09457900807381776,0.0853517877739331,0.0726643598615917,12201
251,12202,38.66153846153846,14.884615384615385,0.0,0.9384615384615385,ANTARTICA,0.0,0.0851063829787234,0.723404255319149,0.0425531914893617,0.0851063829787234,0.02127659574468085,0.0425531914893617,12202
252,12301,42.925221322282916,10.546324655436447,0.8687135053682427,0.6012431719721228,PORVENIR,0.007929515418502203,0.33524229074889866,0.25594713656387663,0.08502202643171806,0.10881057268722467,0.13392070484581498,0.07312775330396476,12301
253,12302,43.49952963311383,11.704158790170132,0.0,0.8278457196613358,PRIMAVERA,0.013157894736842105,0.20723684210526316,0.21710526315789475,0.1513157894736842,0.16776315789473684,0.14144736842105263,0.10197368421052631,12302
254,12303,42.518716577540104,11.355742296918768,0.0,0.8636363636363636,TIMAUKEL,0.005952380952380952,0.14285714285714285,0.4226190476190476,0.13690476190476192,0.13095238095238096,0.047619047619047616,0.1130952380952381,12303
255,12401,45.537939393939396,10.5170362019291,0.8857575757575757,0.5118181818181818,NATALES,0.011229022704837117,0.300715695952616,0.25160414610069104,0.08810463968410662,0.12302566633761106,0.15461500493583416,0.07070582428430405,12401
256,12402,37.86284722222222,13.084880636604774,0.0,0.6692708333333334,TORRES DEL PAINE,0.006734006734006734,0.20707070707070707,0.27104377104377103,0.1127946127946128,0.12457912457912458,0.20707070707070707,0.0707070707070707,12402
257,13101,38.91338489680105,13.632273038513867,1.0,0.5114692707658183,SANTIAGO,0.022652068666859135,0.39584119863495376,0.25500603314900766,0.05278820315796487,0.04261698016833596,0.09310296327551874,0.13799255294735985,13101
258,13102,44.318300227938785,10.99803371258592,1.0,0.4816183653533051,CERRILLOS,0.019375427399133803,0.31297013904718485,0.23429613468364324,0.11495001465368458,0.09746328437917223,0.09713764694389267,0.12380735289328862,13102
259,13103,44.631295285359805,9.889811778492788,1.0,0.4888138957816377,CERRO NAVIA,0.029625500639993394,0.316899954581114,0.18171683389074694,0.14484495643915934,0.11156529997109707,0.12000908377719972,0.09533837070068954,13103
260,13104,45.70063428815386,10.794852544648993,1.0,0.48176421557665333,CONCHALI,0.02159900486260319,0.3320705642881375,0.20709412341211506,0.12322364205209393,0.09022202118436429,0.11255607071506653,0.11323457348561951,13104
261,13105,44.934927511401554,10.500720750921891,1.0,0.48149235953039465,EL BOSQUE,0.019773270862684707,0.30759149438091804,0.22048753317388028,0.12669964942170964,0.10156941122505815,0.11675567641951443,0.10712296451623472,13105
262,13106,43.44777431268646,11.506002846440639,1.0,0.49800968535280543,ESTACION CENTRAL,0.022090947080499943,0.346275120616951,0.22886829008851575,0.10430042168445845,0.06898909698742545,0.1089541465638415,0.12052197697830794,13106
263,13107,43.53056172822143,11.958223784553258,0.9990576917667576,0.47969114792832834,HUECHURABA,0.019380137244551694,0.2766005580272981,0.23758891989040545,0.1022295955558907,0.08056204911645677,0.11371691425985973,0.16992182590553753,13107
264,13108,42.32808284744583,12.036749362392767,1.0,0.484714745701605,INDEPENDENCIA,0.02230295089777566,0.3444897716106363,0.2479528332787422,0.08343507131584432,0.06181699073936218,0.10165857725634994,0.13834380490128934,13108
265,13109,45.714432931477454,11.964315036359372,1.0,0.47186538298653263,LA CISTERNA,0.018665648077412784,0.3322638146167558,0.25031830914183856,0.08683473389355742,0.0654698242933537,0.10443086325439267,0.14201680672268907,13109
266,13110,45.224058688970906,12.064760115055494,0.9996982752571677,0.46959596951878413,LA FLORIDA,0.018767811609419528,0.3642130393480326,0.20985200739963003,0.08718314084295785,0.06708414579271037,0.10537598120093995,0.14752387380630969,13110
267,13111,45.25292500981547,10.39021932973574,1.0,0.4818217510797016,LA GRANJA,0.022330183633446247,0.33176591192725974,0.18062488857193795,0.12595828133357104,0.10607951506507399,0.13173025494740595,0.10151096452130505,13111
268,13112,43.01429546577954,9.6311053257117,1.0,0.4855201525268138,LA PINTANA,0.02239349877919901,0.2926095987755548,0.16458948289056521,0.16460770380088188,0.13443387631646078,0.13778652381472978,0.08357931562260851,13112
269,13113,46.80033174372797,14.097498414488056,1.0,0.4573363743175064,LA REINA,0.010150482680295286,0.27897856331629756,0.30231402612152186,0.03160491198182851,0.021738358886996025,0.11163756388415673,0.24357609312890402,13113
270,13114,46.12136627604438,15.045596873064355,1.0,0.4499552484232875,LAS CONDES,0.003505028954587016,0.1295043724943146,0.45773450870982113,0.014963777459967647,0.01072609195132816,0.07228682624903289,0.3112793941809486,13114
271,13115,43.20375320928509,13.817505435002769,0.9671660358381197,0.4640427728223181,LO BARNECHEA,0.0036512341171315906,0.08425222725281145,0.5168139331093909,0.022801957061486782,0.021706586826347306,0.046918358405140935,0.30385570322769095,13115
272,13116,45.01066659573336,9.893426006371271,1.0,0.49272490291003884,LO ESPEJO,0.02451201699641482,0.3332359580401009,0.16951268091886867,0.15110875049794184,0.1140884344708538,0.12168370734298234,0.0858584517328376,13116
273,13117,45.66985314676004,10.575063193757556,1.0,0.4803419031008268,LO PRADO,0.02291268002820022,0.3253852351697049,0.1902004230033236,0.13271729277872898,0.09766844596636116,0.12048041091751435,0.11063551213616678,13117
274,13118,45.82746459943875,12.419221574697321,1.0,0.4640618448073801,MACUL,0.017778270591931402,0.35940936223688347,0.21932693906969009,0.07972500970227865,0.05738204801241892,0.11084622350353902,0.15553214688325848,13118
275,13119,43.769570476853936,11.980792985934373,0.9934285146632397,0.47109225480161054,MAIPU,0.02006705166466416,0.36647319871322814,0.20675555211038332,0.10140595325762568,0.08565559474438975,0.09378996938103175,0.12585268012867717,13119
276,13120,45.624236169418786,14.518578902106922,1.0,0.4476863513387443,ÑUÑOA,0.014915598343075135,0.39429736234589124,0.24089264371203561,0.03733811418373528,0.022537125268104197,0.10082355060006222,0.1891956055470963,13120
277,13121,46.497837953683046,10.563787898674367,1.0,0.48211741865537106,PEDRO AGUIRRE CERDA,0.03124232889245944,0.3807324094530361,0.16882015576532547,0.12630827252237173,0.07902077614871349,0.11269554350494299,0.10118051371315079,13121
278,13122,43.9562895144443,11.476018703319443,1.0,0.4764883888855204,PEÑALOLEN,0.017528520715045664,0.32422496339446544,0.20494885759130316,0.10311700076897957,0.07499130947740991,0.1177908164877648,0.15739853156503145,13122
279,13123,45.13975237091675,15.379317038587489,1.0,0.4543680848261328,PROVIDENCIA,0.008683324472798157,0.3023110360571661,0.3150493583930116,0.021505040080891474,0.01357225505832317,0.10750435208639543,0.23137463385141405,13123
280,13124,43.00812358040143,11.231960973517744,0.9824723033421406,0.4794418949612942,PUDAHUEL,0.025256550762179933,0.3330801036166185,0.1900841885025406,0.13153830825944007,0.10720334761382884,0.10305619208926971,0.10978130915612234,13124
281,13125,40.951595709679545,11.42658105982535,0.9973942225439232,0.4847338290452063,QUILICURA,0.021143304620203602,0.32875083384088866,0.18802749499695467,0.12007308796658836,0.1259752313002117,0.09961135763798254,0.11641868963717045,13125
282,13126,44.796472435127896,11.42642076633106,1.0,0.48074614461169085,QUINTA NORMAL,0.02341694439572005,0.3494343097702158,0.2179003683564287,0.11127433783546746,0.07237765304332573,0.1059463252061042,0.11965006139273812,13126
283,13127,44.470566816361206,11.091260103019389,1.0,0.4875996277865437,RECOLETA,0.02522337442118307,0.35638818235179026,0.2154014217700385,0.1039913911171982,0.0754418574316833,0.10589904128350616,0.11765473162460054,13127
284,13128,43.52282211307655,10.339724190768052,1.0,0.48690867461870824,RENCA,0.025375698572246686,0.31732459171784594,0.17624755623136318,0.1440589269140386,0.12308694879440747,0.11811054720669839,0.09579573056339975,13128
285,13129,46.05528755962909,11.139817212699196,1.0,0.47624216111915096,SAN JOAQUIN,0.02411431210076704,0.38446935686616557,0.1788307123983479,0.10902747492368077,0.0781919396629127,0.11302942459146764,0.11233677945665838,13129
286,13130,44.60744040063696,13.200975087698437,1.0,0.4603055549144954,SAN MIGUEL,0.019332561801589862,0.3763304179551879,0.23358439735149594,0.06860308486216775,0.045608909294427895,0.10047619951052003,0.15606442922461058,13130
287,13131,45.97004075338694,10.034331676693697,1.0,0.4865073245952197,SAN RAMON,0.023874488403819918,0.3155584554244024,0.18900883800937185,0.14072602170947268,0.10697550269885521,0.12064772525060799,0.10320896850346996,13131
288,13132,48.234576811463455,15.22189772046052,1.0,0.4342851128452644,VITACURA,0.00179750310477809,0.07325642198836525,0.5118798614288516,0.006569056801098111,0.004166939015621936,0.05886005621282437,0.3434701614484607,13132
289,13201,42.68680904462671,11.48468606431853,0.9999785287928887,0.47505761440574856,PUENTE ALTO,0.021439163678049704,0.36251485544208745,0.1783389249392636,0.11737639746326893,0.10174794653092561,0.09593723378521923,0.12264547816118548,13201
290,13202,44.461565620901844,11.645473969461671,0.43493392514879453,0.5044386159588419,PIRQUE,0.01186920295551014,0.281952523188178,0.2840748310014149,0.08056909290991983,0.06673479012733848,0.11822040559660431,0.15657915422103444,13202
291,13203,44.913330523949995,11.524212986633556,0.6041578873437281,0.5476190476190477,SAN JOSE DE MAIPO,0.020477386934673367,0.3615577889447236,0.20314070351758795,0.09685929648241207,0.07148241206030151,0.12839195979899498,0.11809045226130653,13203
292,13301,41.3733335972526,11.490758834066114,0.8110074128324145,0.5094664542116567,COLINA,0.008262334485052685,0.17099813292701246,0.38832972079747624,0.06461789385582763,0.08573513316307917,0.07558426508144302,0.2064725196901088,13301
293,13302,40.828337180158876,11.180301688468184,0.7825575961824387,0.5009982866286232,LAMPA,0.015828936406553733,0.2566301027492363,0.2537142460427659,0.11173979450152735,0.1389197445154124,0.09552901971674535,0.12763815606775897,13302
294,13303,43.72875339319273,10.574277603901303,0.6691028050393263,0.5193847010510197,TILTIL,0.01617212768949515,0.27844185065391647,0.24483195049922654,0.09042328786387287,0.13612712698635915,0.10786106032906764,0.12614259597806216,13303
295,13401,42.792062599697424,10.885871080880511,0.9826177972182991,0.4839272900126607,SAN BERNARDO,0.01715731464978592,0.30673181324647125,0.23999754163849793,0.11586052895744986,0.11292073832790445,0.1025136746358552,0.1048183885440354,13401
296,13402,42.948686388523406,11.06098428225186,0.8581554263401384,0.4855198562596381,BUIN,0.012989972652689152,0.26587663324217564,0.2946166312164489,0.08075053175326649,0.1326091360275499,0.096449913906614,0.11670718120125595,13402
297,13403,43.84230525649145,11.387366818873668,0.4530293434663289,0.4979417352754908,CALERA DE TANGO,0.010948210205635947,0.2461919268849962,0.34234577303884234,0.06597486671744097,0.07178217821782178,0.10158035034272658,0.16117669459253617,13403
298,13404,43.81452622531158,10.404248762543094,0.6367696246052656,0.4996169441485883,PAINE,0.010049871542995316,0.26522593320235754,0.3184600272026598,0.07930330965694424,0.12135408795526674,0.10197219283663292,0.10363457760314342,13404
299,13501,44.74205050395578,10.347402160756713,0.6793432318196597,0.49230519128644196,MELIPILLA,0.014396915643834949,0.25909567848515164,0.2986993972816671,0.06890998267489812,0.10617115248529807,0.11737146482516288,0.1353554086039872,13501
300,13502,44.217520858164484,9.877142857142857,0.43802145411203813,0.5542312276519666,ALHUE,0.012515139281388777,0.2567622123536536,0.18853451756156642,0.060960839725474364,0.1421073879693177,0.20993136859103753,0.12918853451756157,13502
301,13503,45.23484724718183,10.667553640817706,0.6213853945433753,0.493669335075968,CURACAVI,0.012500930128729815,0.288339906243024,0.27263933328372647,0.07455911898206712,0.0921199494009971,0.12359550561797752,0.13624525634347795,13503
302,13504,45.064516129032256,9.815412547912043,0.4809384164222874,0.5029325513196481,MARIA PINTO,0.008559460936077217,0.27463121471498814,0.2700783099617556,0.07648879985430705,0.0883263522127117,0.1376798397377527,0.14423602258240759,13504
303,13505,47.072604995882514,8.986517498565691,0.0,0.5382926159758441,SAN PEDRO,0.00952914798206278,0.18806053811659193,0.37331838565022424,0.054652466367713,0.08744394618834081,0.1516255605381166,0.13536995515695066,13505
304,13601,43.82028748180495,11.174155314113197,0.8012372634643377,0.4898835516739447,TALAGANTE,0.014814337702489452,0.26723777012012495,0.26115100962931953,0.09616437473833371,0.12263695211104313,0.11812824063637242,0.11986731506231683,13601
305,13602,43.885383766505576,10.227769778573375,0.8323376079759504,0.49176148255260854,EL MONTE,0.015302677968644512,0.2697472057610082,0.23479108844047708,0.09669192108619008,0.14177481059185357,0.13232315655239668,0.1093691395994299,13602
306,13603,44.255675838219815,10.41574596306884,0.740114268531048,0.49500075176665165,ISLA DE MAIPO,0.014488532945030943,0.2523480160174736,0.2648707681106662,0.09952675646159446,0.10957408081543502,0.13301783764106298,0.1261740080087368,13603
307,13604,42.86668251464137,10.92106252626457,0.8801893112614267,0.4902426901216692,PADRE HURTADO,0.01687934097884025,0.28739298982393796,0.20909384590534646,0.12611048295913424,0.14242448715877887,0.10608140849620416,0.11201744467775804,13604
308,13605,43.89552419232978,11.23248833592535,0.9210764906766599,0.47816494907673246,PEÑAFLOR,0.016183503093507686,0.2941128792586389,0.20787290951827736,0.11520276659552049,0.13787047794018317,0.11450031070164537,0.11425715289222706,13605
309,14101,43.69129852535854,11.784867383455156,0.9310562294648002,0.4773976548996403,VALDIVIA,0.015443905224093633,0.30142734798743936,0.2790179845846417,0.060762203825292606,0.11534399086497288,0.1222095346845561,0.10579503282900371,14101
310,14102,48.220563035495715,9.1802738336714,0.652876376988984,0.49400244798041615,CORRAL,0.009704455227172474,0.254962505513895,0.24525805028672254,0.05910895456550507,0.13674459638288486,0.22893692104102337,0.06528451698279665,14102
311,14103,46.81569136002594,9.539216508682157,0.6834981358404928,0.48143945534122223,LANCO,0.011722272317403066,0.21235347159603246,0.34746017433122933,0.046438232642019836,0.15028554253080853,0.14743011722272317,0.08431018935978359,14103
312,14104,46.41672359611969,9.200253485424588,0.48947943708156855,0.49316846563738215,LOS LAGOS,0.007867820613690008,0.1935483870967742,0.37398373983739835,0.05192761605035405,0.14306320482559665,0.13808025177025965,0.09152897980592709,14104
313,14105,46.90121120363361,9.397783494953494,0.5878122634367903,0.49507948523845574,MAFIL,0.008682634730538923,0.1434131736526946,0.38682634730538923,0.05598802395209581,0.1937125748502994,0.12664670658682634,0.0847305389221557,14105
314,14106,45.568310639129585,9.432968214501713,0.45592546745716334,0.4937780962929181,MARIQUINA,0.009248554913294798,0.19524727039177905,0.30134874759152214,0.05022479126525369,0.20077071290944123,0.15748233782915863,0.08567758509955042,14106
315,14107,46.80105340356024,9.275961143795321,0.6149076605107007,0.493366224414961,PAILLACO,0.0112078216287111,0.1702635030404197,0.3974007392392989,0.039704304280434005,0.14617860975318947,0.1396208417789436,0.09562418027900321,14107
316,14108,46.526715753829194,9.005606166783462,0.43264952553451197,0.4934834823010592,PANGUIPULLI,0.01256318763009218,0.176033303597978,0.36425810288432947,0.06660719595599167,0.13648528099910795,0.14525721082366935,0.0987957181088314,14108
317,14201,47.093577530143776,9.731892246564357,0.6981755545400218,0.481843428129504,LA UNION,0.010164629583437267,0.17354701920678473,0.37128959840359194,0.04758044400099776,0.13793963581940633,0.14473684210526316,0.11474183088051883,14201
318,14202,46.41193527265925,8.950821265429099,0.5547656907679357,0.4929379852212141,FUTRONO,0.01135491790701243,0.15467239527389903,0.43010587693724106,0.03744054012582477,0.12367653828448673,0.13656590455731166,0.10618382691422433,14202
319,14203,48.387533512064344,8.327083333333333,0.2289544235924933,0.5069705093833781,LAGO RANCO,0.011863224005582694,0.1635264014887183,0.4047452896022331,0.043731100255873456,0.11328215864154455,0.15236101418934636,0.11049081181670156,14203
320,14204,47.83436325678497,9.147442022062016,0.5346137787056368,0.4901043841336117,RIO BUENO,0.011363636363636364,0.15954545454545455,0.4002272727272727,0.04416666666666667,0.12674242424242424,0.1534090909090909,0.10454545454545454,14204
321,15101,43.83469754932362,11.499308252735258,0.925251607277729,0.48829926375320076,ARICA,0.011710293249360362,0.1815956504625074,0.29607852784884864,0.055796103129305254,0.2833349734304271,0.09743406809683133,0.07405038378271994,15101
322,15102,48.02427184466019,10.16385302879841,0.0,0.5854368932038835,CAMARONES,0.005719733079122974,0.10581506196377502,0.2402287893231649,0.05052430886558627,0.3574833174451859,0.18589132507149667,0.05433746425166826,15102
323,15201,38.2472049689441,10.611416490486258,0.7747412008281573,0.7594202898550725,PUTRE,0.010245901639344262,0.09170081967213115,0.33709016393442626,0.045081967213114756,0.3319672131147541,0.13729508196721313,0.0466188524590164,15201
324,15202,45.36944937833037,8.47069597069597,0.0,0.6305506216696269,GENERAL LAGOS,0.01002004008016032,0.04809619238476954,0.280561122244489,0.052104208416833664,0.4789579158316633,0.0781563126252505,0.052104208416833664,15202
325,16101,45.295773642547665,11.357373669435022,0.9122536528262561,0.46126612275780354,CHILLAN,0.009841803163936721,0.20641187176256476,0.34005319893602126,0.05479490410191796,0.13088338233235336,0.1261234775304494,0.13189136217275654,16101
326,16102,47.19245144292629,9.412609238451935,0.6229397708473745,0.4761963115005208,BULNES,0.009249502400187331,0.14810912071186044,0.3565156304882332,0.0536236974593139,0.11298442805292121,0.1704718417047184,0.1490457791827655,16102
327,16103,43.863541156023,10.729690346083789,0.8803868265074201,0.4592896296626409,CHILLAN VIEJO,0.009104840890651762,0.1707383034345984,0.3330027945551248,0.07410078427837374,0.1557739114757054,0.13936716848462993,0.11791219688091589,16103
328,16104,48.23898690334452,8.437680195165225,0.3931161381101851,0.4892304361943933,EL CARMEN,0.004900039200313603,0.1111328890631125,0.4568796550372403,0.04096432771462172,0.07742061936495492,0.18149745197961584,0.1272050176401411,16104
329,16105,47.04110659581119,8.804248623131393,0.489371678649578,0.48843388558924666,PEMUCO,0.00594000594000594,0.12592812592812594,0.4051084051084051,0.051084051084051084,0.11583011583011583,0.1704781704781705,0.12563112563112563,16105
330,16106,47.471677947987175,9.273331691701552,0.5001781261132882,0.48877805486284287,PINTO,0.006636736287331642,0.1128245168846379,0.5125902791333203,0.049970720281085304,0.0870583642397033,0.08920554362678118,0.14171383954714034,16106
331,16107,48.906254577413215,9.080012054546824,0.5750695766808261,0.48864801523363116,QUILLON,0.010754316873674645,0.12708270221145107,0.3754922750681612,0.06361708573159648,0.1469251741896395,0.1508633747349288,0.1252650711905483,16107
332,16108,47.908371040723985,8.584128289473684,0.4158855850032321,0.487879767291532,SAN IGNACIO,0.009673717002787342,0.11969175274635187,0.41055910805050005,0.06378094769634367,0.1014920478767011,0.1485489424495819,0.14625348417773407,16108
333,16109,47.662260409781894,9.65616088848867,0.7359183373724022,0.4998164059631343,YUNGAY,0.010371906949177657,0.17498888724255446,0.28596829159875536,0.05748999851829901,0.20017780411912875,0.17009927396651356,0.1009038376055712,16109
334,16201,48.35966573816156,9.126882701962574,0.7984401114206128,0.4872423398328691,QUIRIHUE,0.008538522637013502,0.15051628276409848,0.2694598888006354,0.048451151707704525,0.11795075456711676,0.26548848292295474,0.13959491660047657,16201
335,16202,50.862144420131294,8.369362745098039,0.27716994894237784,0.5076586433260394,COBQUECURA,0.00904799370574351,0.1809598741148702,0.3166797797010228,0.04878048780487805,0.10464201416207711,0.17702596380802518,0.16286388670338317,16202
336,16203,47.7325848221603,9.267260953662435,0.7063596131781675,0.4862317652843796,COELEMU,0.006594566077552097,0.14204695331047218,0.3575573727248747,0.05341598522817199,0.15009232392508573,0.18689000263782643,0.10340279609601688,16203
337,16204,50.465870307167236,7.9863773965691225,0.2786445636274988,0.4904924427108727,NINHUE,0.006229235880398671,0.10506644518272425,0.34219269102990035,0.0436046511627907,0.07931893687707642,0.28862126245847175,0.13496677740863788,16204
338,16205,49.86194225721785,8.275843307943417,0.3590551181102362,0.49816272965879266,PORTEZUELO,0.00862392200974878,0.11548556430446194,0.40044994375703036,0.04349456317960255,0.07761529808773904,0.2152230971128609,0.13910761154855644,16205
339,16206,50.9366836395838,8.76701451905626,0.269647996457826,0.48704892627850344,RANQUIL,0.006985294117647059,0.13088235294117648,0.36433823529411763,0.052941176470588235,0.1400735294117647,0.18676470588235294,0.11801470588235294,16206
340,16207,49.14214285714286,8.205975998040657,0.3107142857142857,0.4907142857142857,TREHUACO,0.007561436672967864,0.1504725897920605,0.34215500945179583,0.044234404536862004,0.1277882797731569,0.21058601134215502,0.11720226843100189,16207
341,16301,47.10697005037096,9.480995567330718,0.6198605493660206,0.470931242400933,SAN CARLOS,0.008276358402302987,0.16120906801007556,0.4068267105330797,0.048475813499203206,0.12064977124350999,0.13067393204133038,0.12388834627049812,16301
342,16302,45.25544020762627,8.825409794209262,0.32955679776402474,0.49630664803353963,COIHUECO,0.009093759799310128,0.10703459809762726,0.4646179575624543,0.04850005226298735,0.10421239678059997,0.1390195463572698,0.12752168913975123,16302
343,16303,50.248132398574874,8.13329348475792,0.10320652798528905,0.5009768992069877,ÑIQUEN,0.007564296520423601,0.11476118435271233,0.4322455154527772,0.06505295007564296,0.11195158850226929,0.1365895828830776,0.13183488221309703,16303
344,16304,48.069481880802634,8.798041615667074,0.3953279424977538,0.5079365079365079,SAN FABIAN,0.006110868616324749,0.1719773024879965,0.3513749454386731,0.04233958969882148,0.12265386294194675,0.17110432125709296,0.13443910955914448,16304
345,16305,47.846931894807824,8.846518621327782,0.41155315801303666,0.49224544841537426,SAN NICOLAS,0.008832926141702687,0.14752866002631085,0.3474910731065589,0.07573764330013155,0.12986280774290546,0.17026874647622628,0.12027814320616426,16305
